Total Nacional;Comunidades y Ciudades Autónomas;General, vivienda nueva y de segunda mano;Índices y tasas;Periodo;Total
Nacional;;General;Índice;2025T3;183,389
Nacional;;General;Índice;2025T2;178,184
Nacional;;General;Índice;2025T1;171,296
Nacional;;General;Índice;2024T4;165,433
Nacional;;General;Índice;2024T3;162,521
Nacional;;General;Índice;2024T2;158,083
Nacional;;General;Índice;2024T1;152,618
Nacional;;General;Índice;2023T4;148,690
Nacional;;General;Índice;2023T3;150,273
Nacional;;General;Índice;2023T2;146,583
Nacional;;General;Índice;2023T1;143,580
Nacional;;General;Índice;2022T4;142,666
Nacional;;General;Índice;2022T3;143,860
Nacional;;General;Índice;2022T2;141,433
Nacional;;General;Índice;2022T1;138,742
Nacional;;General;Índice;2021T4;135,291
Nacional;;General;Índice;2021T3;133,652
Nacional;;General;Índice;2021T2;130,937
Nacional;;General;Índice;2021T1;127,831
Nacional;;General;Índice;2020T4;127,179
Nacional;;General;Índice;2020T3;128,255
Nacional;;General;Índice;2020T2;126,799
Nacional;;General;Índice;2020T1;126,695
Nacional;;General;Índice;2019T4;125,320
Nacional;;General;Índice;2019T3;126,135
Nacional;;General;Índice;2019T2;124,175
Nacional;;General;Índice;2019T1;122,758
Nacional;;General;Índice;2018T4;120,954
Nacional;;General;Índice;2018T3;120,491
Nacional;;General;Índice;2018T2;117,941
Nacional;;General;Índice;2018T1;114,994
Nacional;;General;Índice;2017T4;113,457
Nacional;;General;Índice;2017T3;112,442
Nacional;;General;Índice;2017T2;110,410
Nacional;;General;Índice;2017T1;108,239
Nacional;;General;Índice;2016T4;105,848
Nacional;;General;Índice;2016T3;105,431
Nacional;;General;Índice;2016T2;104,601
Nacional;;General;Índice;2016T1;102,775
Nacional;;General;Índice;2015T4;101,305
Nacional;;General;Índice;2015T3;101,358
Nacional;;General;Índice;2015T2;100,687
Nacional;;General;Índice;2015T1;96,651
Nacional;;General;Índice;2014T4;97,194
Nacional;;General;Índice;2014T3;97,002
Nacional;;General;Índice;2014T2;96,805
Nacional;;General;Índice;2014T1;95,208
Nacional;;General;Índice;2013T4;95,512
Nacional;;General;Índice;2013T3;96,742
Nacional;;General;Índice;2013T2;96,041
Nacional;;General;Índice;2013T1;96,768
Nacional;;General;Índice;2012T4;103,593
Nacional;;General;Índice;2012T3;105,073
Nacional;;General;Índice;2012T2;109,187
Nacional;;General;Índice;2012T1;112,861
Nacional;;General;Índice;2011T4;118,782
Nacional;;General;Índice;2011T3;123,948
Nacional;;General;Índice;2011T2;127,528
Nacional;;General;Índice;2011T1;129,059
Nacional;;General;Índice;2010T4;133,718
Nacional;;General;Índice;2010T3;133,846
Nacional;;General;Índice;2010T2;136,790
Nacional;;General;Índice;2010T1;134,626
Nacional;;General;Índice;2009T4;136,313
Nacional;;General;Índice;2009T3;136,845
Nacional;;General;Índice;2009T2;138,082
Nacional;;General;Índice;2009T1;138,693
Nacional;;General;Índice;2008T4;142,511
Nacional;;General;Índice;2008T3;147,134
Nacional;;General;Índice;2008T2;149,618
Nacional;;General;Índice;2008T1;150,082
Nacional;;General;Índice;2007T4;150,640
Nacional;;General;Índice;2007T3;151,719
Nacional;;General;Índice;2007T2;150,103
Nacional;;General;Índice;2007T1;145,935
Nacional;01 Andalucía;General;Índice;2025T3;182,372
Nacional;01 Andalucía;General;Índice;2025T2;177,504
Nacional;01 Andalucía;General;Índice;2025T1;170,858
Nacional;01 Andalucía;General;Índice;2024T4;165,457
Nacional;01 Andalucía;General;Índice;2024T3;162,275
Nacional;01 Andalucía;General;Índice;2024T2;156,273
Nacional;01 Andalucía;General;Índice;2024T1;149,880
Nacional;01 Andalucía;General;Índice;2023T4;145,927
Nacional;01 Andalucía;General;Índice;2023T3;146,784
Nacional;01 Andalucía;General;Índice;2023T2;142,672
Nacional;01 Andalucía;General;Índice;2023T1;138,890
Nacional;01 Andalucía;General;Índice;2022T4;138,587
Nacional;01 Andalucía;General;Índice;2022T3;138,730
Nacional;01 Andalucía;General;Índice;2022T2;136,525
Nacional;01 Andalucía;General;Índice;2022T1;133,300
Nacional;01 Andalucía;General;Índice;2021T4;130,178
Nacional;01 Andalucía;General;Índice;2021T3;128,119
Nacional;01 Andalucía;General;Índice;2021T2;123,878
Nacional;01 Andalucía;General;Índice;2021T1;120,217
Nacional;01 Andalucía;General;Índice;2020T4;120,518
Nacional;01 Andalucía;General;Índice;2020T3;120,819
Nacional;01 Andalucía;General;Índice;2020T2;119,613
Nacional;01 Andalucía;General;Índice;2020T1;119,440
Nacional;01 Andalucía;General;Índice;2019T4;118,553
Nacional;01 Andalucía;General;Índice;2019T3;119,331
Nacional;01 Andalucía;General;Índice;2019T2;116,842
Nacional;01 Andalucía;General;Índice;2019T1;114,705
Nacional;01 Andalucía;General;Índice;2018T4;113,831
Nacional;01 Andalucía;General;Índice;2018T3;112,673
Nacional;01 Andalucía;General;Índice;2018T2;110,695
Nacional;01 Andalucía;General;Índice;2018T1;108,283
Nacional;01 Andalucía;General;Índice;2017T4;107,763
Nacional;01 Andalucía;General;Índice;2017T3;106,913
Nacional;01 Andalucía;General;Índice;2017T2;105,676
Nacional;01 Andalucía;General;Índice;2017T1;104,051
Nacional;01 Andalucía;General;Índice;2016T4;103,142
Nacional;01 Andalucía;General;Índice;2016T3;103,113
Nacional;01 Andalucía;General;Índice;2016T2;103,201
Nacional;01 Andalucía;General;Índice;2016T1;101,910
Nacional;01 Andalucía;General;Índice;2015T4;101,029
Nacional;01 Andalucía;General;Índice;2015T3;101,734
Nacional;01 Andalucía;General;Índice;2015T2;100,600
Nacional;01 Andalucía;General;Índice;2015T1;96,637
Nacional;01 Andalucía;General;Índice;2014T4;98,094
Nacional;01 Andalucía;General;Índice;2014T3;97,478
Nacional;01 Andalucía;General;Índice;2014T2;97,214
Nacional;01 Andalucía;General;Índice;2014T1;95,522
Nacional;01 Andalucía;General;Índice;2013T4;96,389
Nacional;01 Andalucía;General;Índice;2013T3;97,433
Nacional;01 Andalucía;General;Índice;2013T2;96,563
Nacional;01 Andalucía;General;Índice;2013T1;97,307
Nacional;01 Andalucía;General;Índice;2012T4;102,861
Nacional;01 Andalucía;General;Índice;2012T3;104,624
Nacional;01 Andalucía;General;Índice;2012T2;106,719
Nacional;01 Andalucía;General;Índice;2012T1;110,865
Nacional;01 Andalucía;General;Índice;2011T4;116,257
Nacional;01 Andalucía;General;Índice;2011T3;119,932
Nacional;01 Andalucía;General;Índice;2011T2;122,836
Nacional;01 Andalucía;General;Índice;2011T1;122,879
Nacional;01 Andalucía;General;Índice;2010T4;126,862
Nacional;01 Andalucía;General;Índice;2010T3;127,118
Nacional;01 Andalucía;General;Índice;2010T2;130,094
Nacional;01 Andalucía;General;Índice;2010T1;128,360
Nacional;01 Andalucía;General;Índice;2009T4;129,541
Nacional;01 Andalucía;General;Índice;2009T3;129,930
Nacional;01 Andalucía;General;Índice;2009T2;130,679
Nacional;01 Andalucía;General;Índice;2009T1;130,500
Nacional;01 Andalucía;General;Índice;2008T4;131,847
Nacional;01 Andalucía;General;Índice;2008T3;135,361
Nacional;01 Andalucía;General;Índice;2008T2;135,178
Nacional;01 Andalucía;General;Índice;2008T1;135,751
Nacional;01 Andalucía;General;Índice;2007T4;135,785
Nacional;01 Andalucía;General;Índice;2007T3;133,943
Nacional;01 Andalucía;General;Índice;2007T2;130,901
Nacional;01 Andalucía;General;Índice;2007T1;127,081
Nacional;02 Aragón;General;Índice;2025T3;176,563
Nacional;02 Aragón;General;Índice;2025T2;170,432
Nacional;02 Aragón;General;Índice;2025T1;162,696
Nacional;02 Aragón;General;Índice;2024T4;156,497
Nacional;02 Aragón;General;Índice;2024T3;154,092
Nacional;02 Aragón;General;Índice;2024T2;149,893
Nacional;02 Aragón;General;Índice;2024T1;143,668
Nacional;02 Aragón;General;Índice;2023T4;138,068
Nacional;02 Aragón;General;Índice;2023T3;139,690
Nacional;02 Aragón;General;Índice;2023T2;136,449
Nacional;02 Aragón;General;Índice;2023T1;134,247
Nacional;02 Aragón;General;Índice;2022T4;132,396
Nacional;02 Aragón;General;Índice;2022T3;133,388
Nacional;02 Aragón;General;Índice;2022T2;131,950
Nacional;02 Aragón;General;Índice;2022T1;130,106
Nacional;02 Aragón;General;Índice;2021T4;126,951
Nacional;02 Aragón;General;Índice;2021T3;125,622
Nacional;02 Aragón;General;Índice;2021T2;122,696
Nacional;02 Aragón;General;Índice;2021T1;120,807
Nacional;02 Aragón;General;Índice;2020T4;119,395
Nacional;02 Aragón;General;Índice;2020T3;120,261
Nacional;02 Aragón;General;Índice;2020T2;119,737
Nacional;02 Aragón;General;Índice;2020T1;118,557
Nacional;02 Aragón;General;Índice;2019T4;118,107
Nacional;02 Aragón;General;Índice;2019T3;117,328
Nacional;02 Aragón;General;Índice;2019T2;116,219
Nacional;02 Aragón;General;Índice;2019T1;114,400
Nacional;02 Aragón;General;Índice;2018T4;111,958
Nacional;02 Aragón;General;Índice;2018T3;110,941
Nacional;02 Aragón;General;Índice;2018T2;108,946
Nacional;02 Aragón;General;Índice;2018T1;107,505
Nacional;02 Aragón;General;Índice;2017T4;105,419
Nacional;02 Aragón;General;Índice;2017T3;105,181
Nacional;02 Aragón;General;Índice;2017T2;104,254
Nacional;02 Aragón;General;Índice;2017T1;104,298
Nacional;02 Aragón;General;Índice;2016T4;102,218
Nacional;02 Aragón;General;Índice;2016T3;102,258
Nacional;02 Aragón;General;Índice;2016T2;102,571
Nacional;02 Aragón;General;Índice;2016T1;100,535
Nacional;02 Aragón;General;Índice;2015T4;99,886
Nacional;02 Aragón;General;Índice;2015T3;100,255
Nacional;02 Aragón;General;Índice;2015T2;101,227
Nacional;02 Aragón;General;Índice;2015T1;98,632
Nacional;02 Aragón;General;Índice;2014T4;99,233
Nacional;02 Aragón;General;Índice;2014T3;99,341
Nacional;02 Aragón;General;Índice;2014T2;99,906
Nacional;02 Aragón;General;Índice;2014T1;98,148
Nacional;02 Aragón;General;Índice;2013T4;99,170
Nacional;02 Aragón;General;Índice;2013T3;101,370
Nacional;02 Aragón;General;Índice;2013T2;102,236
Nacional;02 Aragón;General;Índice;2013T1;103,193
Nacional;02 Aragón;General;Índice;2012T4;113,285
Nacional;02 Aragón;General;Índice;2012T3;114,084
Nacional;02 Aragón;General;Índice;2012T2;118,843
Nacional;02 Aragón;General;Índice;2012T1;118,835
Nacional;02 Aragón;General;Índice;2011T4;128,457
Nacional;02 Aragón;General;Índice;2011T3;136,197
Nacional;02 Aragón;General;Índice;2011T2;139,049
Nacional;02 Aragón;General;Índice;2011T1;139,600
Nacional;02 Aragón;General;Índice;2010T4;146,806
Nacional;02 Aragón;General;Índice;2010T3;145,905
Nacional;02 Aragón;General;Índice;2010T2;150,299
Nacional;02 Aragón;General;Índice;2010T1;148,846
Nacional;02 Aragón;General;Índice;2009T4;153,443
Nacional;02 Aragón;General;Índice;2009T3;155,071
Nacional;02 Aragón;General;Índice;2009T2;158,625
Nacional;02 Aragón;General;Índice;2009T1;158,726
Nacional;02 Aragón;General;Índice;2008T4;164,638
Nacional;02 Aragón;General;Índice;2008T3;169,486
Nacional;02 Aragón;General;Índice;2008T2;176,271
Nacional;02 Aragón;General;Índice;2008T1;175,804
Nacional;02 Aragón;General;Índice;2007T4;176,458
Nacional;02 Aragón;General;Índice;2007T3;178,362
Nacional;02 Aragón;General;Índice;2007T2;176,576
Nacional;02 Aragón;General;Índice;2007T1;175,582
Nacional;03 Asturias, Principado de;General;Índice;2025T3;162,381
Nacional;03 Asturias, Principado de;General;Índice;2025T2;158,852
Nacional;03 Asturias, Principado de;General;Índice;2025T1;152,219
Nacional;03 Asturias, Principado de;General;Índice;2024T4;146,765
Nacional;03 Asturias, Principado de;General;Índice;2024T3;143,078
Nacional;03 Asturias, Principado de;General;Índice;2024T2;139,913
Nacional;03 Asturias, Principado de;General;Índice;2024T1;134,630
Nacional;03 Asturias, Principado de;General;Índice;2023T4;131,352
Nacional;03 Asturias, Principado de;General;Índice;2023T3;133,866
Nacional;03 Asturias, Principado de;General;Índice;2023T2;130,306
Nacional;03 Asturias, Principado de;General;Índice;2023T1;128,079
Nacional;03 Asturias, Principado de;General;Índice;2022T4;126,946
Nacional;03 Asturias, Principado de;General;Índice;2022T3;127,452
Nacional;03 Asturias, Principado de;General;Índice;2022T2;126,693
Nacional;03 Asturias, Principado de;General;Índice;2022T1;123,636
Nacional;03 Asturias, Principado de;General;Índice;2021T4;121,340
Nacional;03 Asturias, Principado de;General;Índice;2021T3;119,777
Nacional;03 Asturias, Principado de;General;Índice;2021T2;118,855
Nacional;03 Asturias, Principado de;General;Índice;2021T1;115,257
Nacional;03 Asturias, Principado de;General;Índice;2020T4;114,305
Nacional;03 Asturias, Principado de;General;Índice;2020T3;114,498
Nacional;03 Asturias, Principado de;General;Índice;2020T2;114,686
Nacional;03 Asturias, Principado de;General;Índice;2020T1;112,800
Nacional;03 Asturias, Principado de;General;Índice;2019T4;112,223
Nacional;03 Asturias, Principado de;General;Índice;2019T3;111,463
Nacional;03 Asturias, Principado de;General;Índice;2019T2;110,472
Nacional;03 Asturias, Principado de;General;Índice;2019T1;108,084
Nacional;03 Asturias, Principado de;General;Índice;2018T4;107,600
Nacional;03 Asturias, Principado de;General;Índice;2018T3;107,658
Nacional;03 Asturias, Principado de;General;Índice;2018T2;105,095
Nacional;03 Asturias, Principado de;General;Índice;2018T1;104,140
Nacional;03 Asturias, Principado de;General;Índice;2017T4;104,111
Nacional;03 Asturias, Principado de;General;Índice;2017T3;103,132
Nacional;03 Asturias, Principado de;General;Índice;2017T2;100,953
Nacional;03 Asturias, Principado de;General;Índice;2017T1;101,946
Nacional;03 Asturias, Principado de;General;Índice;2016T4;101,654
Nacional;03 Asturias, Principado de;General;Índice;2016T3;102,264
Nacional;03 Asturias, Principado de;General;Índice;2016T2;101,217
Nacional;03 Asturias, Principado de;General;Índice;2016T1;100,537
Nacional;03 Asturias, Principado de;General;Índice;2015T4;99,712
Nacional;03 Asturias, Principado de;General;Índice;2015T3;102,276
Nacional;03 Asturias, Principado de;General;Índice;2015T2;100,503
Nacional;03 Asturias, Principado de;General;Índice;2015T1;97,509
Nacional;03 Asturias, Principado de;General;Índice;2014T4;98,431
Nacional;03 Asturias, Principado de;General;Índice;2014T3;98,851
Nacional;03 Asturias, Principado de;General;Índice;2014T2;99,566
Nacional;03 Asturias, Principado de;General;Índice;2014T1;97,194
Nacional;03 Asturias, Principado de;General;Índice;2013T4;98,757
Nacional;03 Asturias, Principado de;General;Índice;2013T3;100,371
Nacional;03 Asturias, Principado de;General;Índice;2013T2;101,586
Nacional;03 Asturias, Principado de;General;Índice;2013T1;102,340
Nacional;03 Asturias, Principado de;General;Índice;2012T4;111,549
Nacional;03 Asturias, Principado de;General;Índice;2012T3;111,115
Nacional;03 Asturias, Principado de;General;Índice;2012T2;116,298
Nacional;03 Asturias, Principado de;General;Índice;2012T1;119,183
Nacional;03 Asturias, Principado de;General;Índice;2011T4;127,323
Nacional;03 Asturias, Principado de;General;Índice;2011T3;134,660
Nacional;03 Asturias, Principado de;General;Índice;2011T2;135,693
Nacional;03 Asturias, Principado de;General;Índice;2011T1;138,430
Nacional;03 Asturias, Principado de;General;Índice;2010T4;142,186
Nacional;03 Asturias, Principado de;General;Índice;2010T3;139,765
Nacional;03 Asturias, Principado de;General;Índice;2010T2;144,669
Nacional;03 Asturias, Principado de;General;Índice;2010T1;142,162
Nacional;03 Asturias, Principado de;General;Índice;2009T4;143,684
Nacional;03 Asturias, Principado de;General;Índice;2009T3;144,679
Nacional;03 Asturias, Principado de;General;Índice;2009T2;144,351
Nacional;03 Asturias, Principado de;General;Índice;2009T1;144,477
Nacional;03 Asturias, Principado de;General;Índice;2008T4;144,401
Nacional;03 Asturias, Principado de;General;Índice;2008T3;145,396
Nacional;03 Asturias, Principado de;General;Índice;2008T2;145,714
Nacional;03 Asturias, Principado de;General;Índice;2008T1;147,078
Nacional;03 Asturias, Principado de;General;Índice;2007T4;146,787
Nacional;03 Asturias, Principado de;General;Índice;2007T3;146,732
Nacional;03 Asturias, Principado de;General;Índice;2007T2;143,559
Nacional;03 Asturias, Principado de;General;Índice;2007T1;138,726
Nacional;04 Balears, Illes;General;Índice;2025T3;199,625
Nacional;04 Balears, Illes;General;Índice;2025T2;192,349
Nacional;04 Balears, Illes;General;Índice;2025T1;185,053
Nacional;04 Balears, Illes;General;Índice;2024T4;179,469
Nacional;04 Balears, Illes;General;Índice;2024T3;177,025
Nacional;04 Balears, Illes;General;Índice;2024T2;172,207
Nacional;04 Balears, Illes;General;Índice;2024T1;168,273
Nacional;04 Balears, Illes;General;Índice;2023T4;165,249
Nacional;04 Balears, Illes;General;Índice;2023T3;167,280
Nacional;04 Balears, Illes;General;Índice;2023T2;162,183
Nacional;04 Balears, Illes;General;Índice;2023T1;159,060
Nacional;04 Balears, Illes;General;Índice;2022T4;158,300
Nacional;04 Balears, Illes;General;Índice;2022T3;160,112
Nacional;04 Balears, Illes;General;Índice;2022T2;157,098
Nacional;04 Balears, Illes;General;Índice;2022T1;152,625
Nacional;04 Balears, Illes;General;Índice;2021T4;149,462
Nacional;04 Balears, Illes;General;Índice;2021T3;147,791
Nacional;04 Balears, Illes;General;Índice;2021T2;141,694
Nacional;04 Balears, Illes;General;Índice;2021T1;136,265
Nacional;04 Balears, Illes;General;Índice;2020T4;136,398
Nacional;04 Balears, Illes;General;Índice;2020T3;138,410
Nacional;04 Balears, Illes;General;Índice;2020T2;134,061
Nacional;04 Balears, Illes;General;Índice;2020T1;134,726
Nacional;04 Balears, Illes;General;Índice;2019T4;133,139
Nacional;04 Balears, Illes;General;Índice;2019T3;133,920
Nacional;04 Balears, Illes;General;Índice;2019T2;128,181
Nacional;04 Balears, Illes;General;Índice;2019T1;127,149
Nacional;04 Balears, Illes;General;Índice;2018T4;126,178
Nacional;04 Balears, Illes;General;Índice;2018T3;126,301
Nacional;04 Balears, Illes;General;Índice;2018T2;121,782
Nacional;04 Balears, Illes;General;Índice;2018T1;118,479
Nacional;04 Balears, Illes;General;Índice;2017T4;118,636
Nacional;04 Balears, Illes;General;Índice;2017T3;118,005
Nacional;04 Balears, Illes;General;Índice;2017T2;112,337
Nacional;04 Balears, Illes;General;Índice;2017T1;109,530
Nacional;04 Balears, Illes;General;Índice;2016T4;108,090
Nacional;04 Balears, Illes;General;Índice;2016T3;108,189
Nacional;04 Balears, Illes;General;Índice;2016T2;104,630
Nacional;04 Balears, Illes;General;Índice;2016T1;103,795
Nacional;04 Balears, Illes;General;Índice;2015T4;102,261
Nacional;04 Balears, Illes;General;Índice;2015T3;102,692
Nacional;04 Balears, Illes;General;Índice;2015T2;99,624
Nacional;04 Balears, Illes;General;Índice;2015T1;95,424
Nacional;04 Balears, Illes;General;Índice;2014T4;95,569
Nacional;04 Balears, Illes;General;Índice;2014T3;94,725
Nacional;04 Balears, Illes;General;Índice;2014T2;92,815
Nacional;04 Balears, Illes;General;Índice;2014T1;92,840
Nacional;04 Balears, Illes;General;Índice;2013T4;94,876
Nacional;04 Balears, Illes;General;Índice;2013T3;94,286
Nacional;04 Balears, Illes;General;Índice;2013T2;92,472
Nacional;04 Balears, Illes;General;Índice;2013T1;92,688
Nacional;04 Balears, Illes;General;Índice;2012T4;98,472
Nacional;04 Balears, Illes;General;Índice;2012T3;100,069
Nacional;04 Balears, Illes;General;Índice;2012T2;101,737
Nacional;04 Balears, Illes;General;Índice;2012T1;102,879
Nacional;04 Balears, Illes;General;Índice;2011T4;111,130
Nacional;04 Balears, Illes;General;Índice;2011T3;116,348
Nacional;04 Balears, Illes;General;Índice;2011T2;119,621
Nacional;04 Balears, Illes;General;Índice;2011T1;120,820
Nacional;04 Balears, Illes;General;Índice;2010T4;123,202
Nacional;04 Balears, Illes;General;Índice;2010T3;122,719
Nacional;04 Balears, Illes;General;Índice;2010T2;124,473
Nacional;04 Balears, Illes;General;Índice;2010T1;124,524
Nacional;04 Balears, Illes;General;Índice;2009T4;124,886
Nacional;04 Balears, Illes;General;Índice;2009T3;125,190
Nacional;04 Balears, Illes;General;Índice;2009T2;127,041
Nacional;04 Balears, Illes;General;Índice;2009T1;127,995
Nacional;04 Balears, Illes;General;Índice;2008T4;132,299
Nacional;04 Balears, Illes;General;Índice;2008T3;137,833
Nacional;04 Balears, Illes;General;Índice;2008T2;140,641
Nacional;04 Balears, Illes;General;Índice;2008T1;139,331
Nacional;04 Balears, Illes;General;Índice;2007T4;141,156
Nacional;04 Balears, Illes;General;Índice;2007T3;141,550
Nacional;04 Balears, Illes;General;Índice;2007T2;138,926
Nacional;04 Balears, Illes;General;Índice;2007T1;134,284
Nacional;05 Canarias;General;Índice;2025T3;177,382
Nacional;05 Canarias;General;Índice;2025T2;173,589
Nacional;05 Canarias;General;Índice;2025T1;168,596
Nacional;05 Canarias;General;Índice;2024T4;160,865
Nacional;05 Canarias;General;Índice;2024T3;158,063
Nacional;05 Canarias;General;Índice;2024T2;155,476
Nacional;05 Canarias;General;Índice;2024T1;149,974
Nacional;05 Canarias;General;Índice;2023T4;145,446
Nacional;05 Canarias;General;Índice;2023T3;147,573
Nacional;05 Canarias;General;Índice;2023T2;143,283
Nacional;05 Canarias;General;Índice;2023T1;141,738
Nacional;05 Canarias;General;Índice;2022T4;139,123
Nacional;05 Canarias;General;Índice;2022T3;138,435
Nacional;05 Canarias;General;Índice;2022T2;137,058
Nacional;05 Canarias;General;Índice;2022T1;134,345
Nacional;05 Canarias;General;Índice;2021T4;128,649
Nacional;05 Canarias;General;Índice;2021T3;128,119
Nacional;05 Canarias;General;Índice;2021T2;125,239
Nacional;05 Canarias;General;Índice;2021T1;121,160
Nacional;05 Canarias;General;Índice;2020T4;119,330
Nacional;05 Canarias;General;Índice;2020T3;119,790
Nacional;05 Canarias;General;Índice;2020T2;117,712
Nacional;05 Canarias;General;Índice;2020T1;119,008
Nacional;05 Canarias;General;Índice;2019T4;118,344
Nacional;05 Canarias;General;Índice;2019T3;118,096
Nacional;05 Canarias;General;Índice;2019T2;116,974
Nacional;05 Canarias;General;Índice;2019T1;116,934
Nacional;05 Canarias;General;Índice;2018T4;114,839
Nacional;05 Canarias;General;Índice;2018T3;113,772
Nacional;05 Canarias;General;Índice;2018T2;113,327
Nacional;05 Canarias;General;Índice;2018T1;111,167
Nacional;05 Canarias;General;Índice;2017T4;110,270
Nacional;05 Canarias;General;Índice;2017T3;107,978
Nacional;05 Canarias;General;Índice;2017T2;106,971
Nacional;05 Canarias;General;Índice;2017T1;106,334
Nacional;05 Canarias;General;Índice;2016T4;103,994
Nacional;05 Canarias;General;Índice;2016T3;103,321
Nacional;05 Canarias;General;Índice;2016T2;103,263
Nacional;05 Canarias;General;Índice;2016T1;102,797
Nacional;05 Canarias;General;Índice;2015T4;100,637
Nacional;05 Canarias;General;Índice;2015T3;100,937
Nacional;05 Canarias;General;Índice;2015T2;101,338
Nacional;05 Canarias;General;Índice;2015T1;97,087
Nacional;05 Canarias;General;Índice;2014T4;97,117
Nacional;05 Canarias;General;Índice;2014T3;96,716
Nacional;05 Canarias;General;Índice;2014T2;97,829
Nacional;05 Canarias;General;Índice;2014T1;95,181
Nacional;05 Canarias;General;Índice;2013T4;96,606
Nacional;05 Canarias;General;Índice;2013T3;97,316
Nacional;05 Canarias;General;Índice;2013T2;98,051
Nacional;05 Canarias;General;Índice;2013T1;99,840
Nacional;05 Canarias;General;Índice;2012T4;103,660
Nacional;05 Canarias;General;Índice;2012T3;103,315
Nacional;05 Canarias;General;Índice;2012T2;108,044
Nacional;05 Canarias;General;Índice;2012T1;113,675
Nacional;05 Canarias;General;Índice;2011T4;119,605
Nacional;05 Canarias;General;Índice;2011T3;121,593
Nacional;05 Canarias;General;Índice;2011T2;126,088
Nacional;05 Canarias;General;Índice;2011T1;127,156
Nacional;05 Canarias;General;Índice;2010T4;129,540
Nacional;05 Canarias;General;Índice;2010T3;130,380
Nacional;05 Canarias;General;Índice;2010T2;132,972
Nacional;05 Canarias;General;Índice;2010T1;131,541
Nacional;05 Canarias;General;Índice;2009T4;133,802
Nacional;05 Canarias;General;Índice;2009T3;134,275
Nacional;05 Canarias;General;Índice;2009T2;134,569
Nacional;05 Canarias;General;Índice;2009T1;135,116
Nacional;05 Canarias;General;Índice;2008T4;137,190
Nacional;05 Canarias;General;Índice;2008T3;140,081
Nacional;05 Canarias;General;Índice;2008T2;140,650
Nacional;05 Canarias;General;Índice;2008T1;141,207
Nacional;05 Canarias;General;Índice;2007T4;140,620
Nacional;05 Canarias;General;Índice;2007T3;139,186
Nacional;05 Canarias;General;Índice;2007T2;136,815
Nacional;05 Canarias;General;Índice;2007T1;132,560
Nacional;06 Cantabria;General;Índice;2025T3;179,330
Nacional;06 Cantabria;General;Índice;2025T2;171,527
Nacional;06 Cantabria;General;Índice;2025T1;165,005
Nacional;06 Cantabria;General;Índice;2024T4;161,488
Nacional;06 Cantabria;General;Índice;2024T3;159,264
Nacional;06 Cantabria;General;Índice;2024T2;154,782
Nacional;06 Cantabria;General;Índice;2024T1;149,716
Nacional;06 Cantabria;General;Índice;2023T4;144,492
Nacional;06 Cantabria;General;Índice;2023T3;146,299
Nacional;06 Cantabria;General;Índice;2023T2;142,467
Nacional;06 Cantabria;General;Índice;2023T1;140,174
Nacional;06 Cantabria;General;Índice;2022T4;138,485
Nacional;06 Cantabria;General;Índice;2022T3;138,120
Nacional;06 Cantabria;General;Índice;2022T2;136,007
Nacional;06 Cantabria;General;Índice;2022T1;132,760
Nacional;06 Cantabria;General;Índice;2021T4;127,541
Nacional;06 Cantabria;General;Índice;2021T3;126,327
Nacional;06 Cantabria;General;Índice;2021T2;123,708
Nacional;06 Cantabria;General;Índice;2021T1;119,634
Nacional;06 Cantabria;General;Índice;2020T4;118,424
Nacional;06 Cantabria;General;Índice;2020T3;118,200
Nacional;06 Cantabria;General;Índice;2020T2;117,457
Nacional;06 Cantabria;General;Índice;2020T1;117,236
Nacional;06 Cantabria;General;Índice;2019T4;117,029
Nacional;06 Cantabria;General;Índice;2019T3;116,593
Nacional;06 Cantabria;General;Índice;2019T2;115,962
Nacional;06 Cantabria;General;Índice;2019T1;116,109
Nacional;06 Cantabria;General;Índice;2018T4;114,568
Nacional;06 Cantabria;General;Índice;2018T3;113,896
Nacional;06 Cantabria;General;Índice;2018T2;113,437
Nacional;06 Cantabria;General;Índice;2018T1;109,851
Nacional;06 Cantabria;General;Índice;2017T4;107,841
Nacional;06 Cantabria;General;Índice;2017T3;107,781
Nacional;06 Cantabria;General;Índice;2017T2;107,221
Nacional;06 Cantabria;General;Índice;2017T1;103,888
Nacional;06 Cantabria;General;Índice;2016T4;103,263
Nacional;06 Cantabria;General;Índice;2016T3;103,053
Nacional;06 Cantabria;General;Índice;2016T2;102,975
Nacional;06 Cantabria;General;Índice;2016T1;100,898
Nacional;06 Cantabria;General;Índice;2015T4;100,895
Nacional;06 Cantabria;General;Índice;2015T3;102,302
Nacional;06 Cantabria;General;Índice;2015T2;100,838
Nacional;06 Cantabria;General;Índice;2015T1;95,965
Nacional;06 Cantabria;General;Índice;2014T4;98,946
Nacional;06 Cantabria;General;Índice;2014T3;97,639
Nacional;06 Cantabria;General;Índice;2014T2;95,972
Nacional;06 Cantabria;General;Índice;2014T1;96,287
Nacional;06 Cantabria;General;Índice;2013T4;97,239
Nacional;06 Cantabria;General;Índice;2013T3;95,759
Nacional;06 Cantabria;General;Índice;2013T2;94,295
Nacional;06 Cantabria;General;Índice;2013T1;94,951
Nacional;06 Cantabria;General;Índice;2012T4;101,888
Nacional;06 Cantabria;General;Índice;2012T3;101,172
Nacional;06 Cantabria;General;Índice;2012T2;106,215
Nacional;06 Cantabria;General;Índice;2012T1;111,154
Nacional;06 Cantabria;General;Índice;2011T4;116,713
Nacional;06 Cantabria;General;Índice;2011T3;119,977
Nacional;06 Cantabria;General;Índice;2011T2;124,981
Nacional;06 Cantabria;General;Índice;2011T1;127,916
Nacional;06 Cantabria;General;Índice;2010T4;132,007
Nacional;06 Cantabria;General;Índice;2010T3;133,693
Nacional;06 Cantabria;General;Índice;2010T2;137,628
Nacional;06 Cantabria;General;Índice;2010T1;136,215
Nacional;06 Cantabria;General;Índice;2009T4;142,188
Nacional;06 Cantabria;General;Índice;2009T3;143,291
Nacional;06 Cantabria;General;Índice;2009T2;143,772
Nacional;06 Cantabria;General;Índice;2009T1;144,775
Nacional;06 Cantabria;General;Índice;2008T4;151,289
Nacional;06 Cantabria;General;Índice;2008T3;153,390
Nacional;06 Cantabria;General;Índice;2008T2;155,220
Nacional;06 Cantabria;General;Índice;2008T1;156,021
Nacional;06 Cantabria;General;Índice;2007T4;155,296
Nacional;06 Cantabria;General;Índice;2007T3;153,597
Nacional;06 Cantabria;General;Índice;2007T2;151,655
Nacional;06 Cantabria;General;Índice;2007T1;147,993
Nacional;07 Castilla y León;General;Índice;2025T3;162,037
Nacional;07 Castilla y León;General;Índice;2025T2;157,423
Nacional;07 Castilla y León;General;Índice;2025T1;150,790
Nacional;07 Castilla y León;General;Índice;2024T4;144,488
Nacional;07 Castilla y León;General;Índice;2024T3;141,613
Nacional;07 Castilla y León;General;Índice;2024T2;138,609
Nacional;07 Castilla y León;General;Índice;2024T1;134,114
Nacional;07 Castilla y León;General;Índice;2023T4;130,679
Nacional;07 Castilla y León;General;Índice;2023T3;131,138
Nacional;07 Castilla y León;General;Índice;2023T2;129,698
Nacional;07 Castilla y León;General;Índice;2023T1;126,637
Nacional;07 Castilla y León;General;Índice;2022T4;126,291
Nacional;07 Castilla y León;General;Índice;2022T3;127,999
Nacional;07 Castilla y León;General;Índice;2022T2;126,114
Nacional;07 Castilla y León;General;Índice;2022T1;123,547
Nacional;07 Castilla y León;General;Índice;2021T4;121,361
Nacional;07 Castilla y León;General;Índice;2021T3;120,120
Nacional;07 Castilla y León;General;Índice;2021T2;118,515
Nacional;07 Castilla y León;General;Índice;2021T1;115,202
Nacional;07 Castilla y León;General;Índice;2020T4;115,164
Nacional;07 Castilla y León;General;Índice;2020T3;115,243
Nacional;07 Castilla y León;General;Índice;2020T2;115,509
Nacional;07 Castilla y León;General;Índice;2020T1;112,962
Nacional;07 Castilla y León;General;Índice;2019T4;113,657
Nacional;07 Castilla y León;General;Índice;2019T3;112,732
Nacional;07 Castilla y León;General;Índice;2019T2;112,193
Nacional;07 Castilla y León;General;Índice;2019T1;109,751
Nacional;07 Castilla y León;General;Índice;2018T4;108,253
Nacional;07 Castilla y León;General;Índice;2018T3;108,329
Nacional;07 Castilla y León;General;Índice;2018T2;106,521
Nacional;07 Castilla y León;General;Índice;2018T1;104,579
Nacional;07 Castilla y León;General;Índice;2017T4;103,363
Nacional;07 Castilla y León;General;Índice;2017T3;102,494
Nacional;07 Castilla y León;General;Índice;2017T2;102,645
Nacional;07 Castilla y León;General;Índice;2017T1;102,339
Nacional;07 Castilla y León;General;Índice;2016T4;101,056
Nacional;07 Castilla y León;General;Índice;2016T3;101,419
Nacional;07 Castilla y León;General;Índice;2016T2;101,504
Nacional;07 Castilla y León;General;Índice;2016T1;100,247
Nacional;07 Castilla y León;General;Índice;2015T4;100,280
Nacional;07 Castilla y León;General;Índice;2015T3;100,230
Nacional;07 Castilla y León;General;Índice;2015T2;100,950
Nacional;07 Castilla y León;General;Índice;2015T1;98,540
Nacional;07 Castilla y León;General;Índice;2014T4;99,349
Nacional;07 Castilla y León;General;Índice;2014T3;98,509
Nacional;07 Castilla y León;General;Índice;2014T2;99,529
Nacional;07 Castilla y León;General;Índice;2014T1;97,711
Nacional;07 Castilla y León;General;Índice;2013T4;98,528
Nacional;07 Castilla y León;General;Índice;2013T3;101,331
Nacional;07 Castilla y León;General;Índice;2013T2;101,460
Nacional;07 Castilla y León;General;Índice;2013T1;103,543
Nacional;07 Castilla y León;General;Índice;2012T4;113,533
Nacional;07 Castilla y León;General;Índice;2012T3;114,622
Nacional;07 Castilla y León;General;Índice;2012T2;119,053
Nacional;07 Castilla y León;General;Índice;2012T1;124,211
Nacional;07 Castilla y León;General;Índice;2011T4;129,587
Nacional;07 Castilla y León;General;Índice;2011T3;136,330
Nacional;07 Castilla y León;General;Índice;2011T2;138,492
Nacional;07 Castilla y León;General;Índice;2011T1;138,792
Nacional;07 Castilla y León;General;Índice;2010T4;144,755
Nacional;07 Castilla y León;General;Índice;2010T3;143,193
Nacional;07 Castilla y León;General;Índice;2010T2;147,404
Nacional;07 Castilla y León;General;Índice;2010T1;143,812
Nacional;07 Castilla y León;General;Índice;2009T4;146,719
Nacional;07 Castilla y León;General;Índice;2009T3;148,464
Nacional;07 Castilla y León;General;Índice;2009T2;150,232
Nacional;07 Castilla y León;General;Índice;2009T1;150,169
Nacional;07 Castilla y León;General;Índice;2008T4;150,524
Nacional;07 Castilla y León;General;Índice;2008T3;152,235
Nacional;07 Castilla y León;General;Índice;2008T2;153,905
Nacional;07 Castilla y León;General;Índice;2008T1;155,332
Nacional;07 Castilla y León;General;Índice;2007T4;154,401
Nacional;07 Castilla y León;General;Índice;2007T3;151,760
Nacional;07 Castilla y León;General;Índice;2007T2;148,470
Nacional;07 Castilla y León;General;Índice;2007T1;144,624
Nacional;08 Castilla - La Mancha;General;Índice;2025T3;145,063
Nacional;08 Castilla - La Mancha;General;Índice;2025T2;141,709
Nacional;08 Castilla - La Mancha;General;Índice;2025T1;136,159
Nacional;08 Castilla - La Mancha;General;Índice;2024T4;131,455
Nacional;08 Castilla - La Mancha;General;Índice;2024T3;129,997
Nacional;08 Castilla - La Mancha;General;Índice;2024T2;127,322
Nacional;08 Castilla - La Mancha;General;Índice;2024T1;123,353
Nacional;08 Castilla - La Mancha;General;Índice;2023T4;120,963
Nacional;08 Castilla - La Mancha;General;Índice;2023T3;121,611
Nacional;08 Castilla - La Mancha;General;Índice;2023T2;120,939
Nacional;08 Castilla - La Mancha;General;Índice;2023T1;117,560
Nacional;08 Castilla - La Mancha;General;Índice;2022T4;118,496
Nacional;08 Castilla - La Mancha;General;Índice;2022T3;120,366
Nacional;08 Castilla - La Mancha;General;Índice;2022T2;118,588
Nacional;08 Castilla - La Mancha;General;Índice;2022T1;115,686
Nacional;08 Castilla - La Mancha;General;Índice;2021T4;113,907
Nacional;08 Castilla - La Mancha;General;Índice;2021T3;112,940
Nacional;08 Castilla - La Mancha;General;Índice;2021T2;111,840
Nacional;08 Castilla - La Mancha;General;Índice;2021T1;107,989
Nacional;08 Castilla - La Mancha;General;Índice;2020T4;109,532
Nacional;08 Castilla - La Mancha;General;Índice;2020T3;109,655
Nacional;08 Castilla - La Mancha;General;Índice;2020T2;109,242
Nacional;08 Castilla - La Mancha;General;Índice;2020T1;107,689
Nacional;08 Castilla - La Mancha;General;Índice;2019T4;108,241
Nacional;08 Castilla - La Mancha;General;Índice;2019T3;108,160
Nacional;08 Castilla - La Mancha;General;Índice;2019T2;107,576
Nacional;08 Castilla - La Mancha;General;Índice;2019T1;106,595
Nacional;08 Castilla - La Mancha;General;Índice;2018T4;105,067
Nacional;08 Castilla - La Mancha;General;Índice;2018T3;104,912
Nacional;08 Castilla - La Mancha;General;Índice;2018T2;103,544
Nacional;08 Castilla - La Mancha;General;Índice;2018T1;102,378
Nacional;08 Castilla - La Mancha;General;Índice;2017T4;100,939
Nacional;08 Castilla - La Mancha;General;Índice;2017T3;101,655
Nacional;08 Castilla - La Mancha;General;Índice;2017T2;102,039
Nacional;08 Castilla - La Mancha;General;Índice;2017T1;101,696
Nacional;08 Castilla - La Mancha;General;Índice;2016T4;100,508
Nacional;08 Castilla - La Mancha;General;Índice;2016T3;101,482
Nacional;08 Castilla - La Mancha;General;Índice;2016T2;101,273
Nacional;08 Castilla - La Mancha;General;Índice;2016T1;100,087
Nacional;08 Castilla - La Mancha;General;Índice;2015T4;100,497
Nacional;08 Castilla - La Mancha;General;Índice;2015T3;100,191
Nacional;08 Castilla - La Mancha;General;Índice;2015T2;100,683
Nacional;08 Castilla - La Mancha;General;Índice;2015T1;98,629
Nacional;08 Castilla - La Mancha;General;Índice;2014T4;98,392
Nacional;08 Castilla - La Mancha;General;Índice;2014T3;97,270
Nacional;08 Castilla - La Mancha;General;Índice;2014T2;98,856
Nacional;08 Castilla - La Mancha;General;Índice;2014T1;96,864
Nacional;08 Castilla - La Mancha;General;Índice;2013T4;97,994
Nacional;08 Castilla - La Mancha;General;Índice;2013T3;100,517
Nacional;08 Castilla - La Mancha;General;Índice;2013T2;100,477
Nacional;08 Castilla - La Mancha;General;Índice;2013T1;103,094
Nacional;08 Castilla - La Mancha;General;Índice;2012T4;115,185
Nacional;08 Castilla - La Mancha;General;Índice;2012T3;115,386
Nacional;08 Castilla - La Mancha;General;Índice;2012T2;119,785
Nacional;08 Castilla - La Mancha;General;Índice;2012T1;123,417
Nacional;08 Castilla - La Mancha;General;Índice;2011T4;129,704
Nacional;08 Castilla - La Mancha;General;Índice;2011T3;133,805
Nacional;08 Castilla - La Mancha;General;Índice;2011T2;135,457
Nacional;08 Castilla - La Mancha;General;Índice;2011T1;136,817
Nacional;08 Castilla - La Mancha;General;Índice;2010T4;142,289
Nacional;08 Castilla - La Mancha;General;Índice;2010T3;141,066
Nacional;08 Castilla - La Mancha;General;Índice;2010T2;146,121
Nacional;08 Castilla - La Mancha;General;Índice;2010T1;143,071
Nacional;08 Castilla - La Mancha;General;Índice;2009T4;143,468
Nacional;08 Castilla - La Mancha;General;Índice;2009T3;144,502
Nacional;08 Castilla - La Mancha;General;Índice;2009T2;145,479
Nacional;08 Castilla - La Mancha;General;Índice;2009T1;145,630
Nacional;08 Castilla - La Mancha;General;Índice;2008T4;146,557
Nacional;08 Castilla - La Mancha;General;Índice;2008T3;150,271
Nacional;08 Castilla - La Mancha;General;Índice;2008T2;150,768
Nacional;08 Castilla - La Mancha;General;Índice;2008T1;149,291
Nacional;08 Castilla - La Mancha;General;Índice;2007T4;148,855
Nacional;08 Castilla - La Mancha;General;Índice;2007T3;148,263
Nacional;08 Castilla - La Mancha;General;Índice;2007T2;145,683
Nacional;08 Castilla - La Mancha;General;Índice;2007T1;142,158
Nacional;09 Cataluña;General;Índice;2025T3;190,561
Nacional;09 Cataluña;General;Índice;2025T2;185,881
Nacional;09 Cataluña;General;Índice;2025T1;180,959
Nacional;09 Cataluña;General;Índice;2024T4;174,491
Nacional;09 Cataluña;General;Índice;2024T3;171,230
Nacional;09 Cataluña;General;Índice;2024T2;166,573
Nacional;09 Cataluña;General;Índice;2024T1;162,075
Nacional;09 Cataluña;General;Índice;2023T4;158,037
Nacional;09 Cataluña;General;Índice;2023T3;160,395
Nacional;09 Cataluña;General;Índice;2023T2;156,147
Nacional;09 Cataluña;General;Índice;2023T1;153,461
Nacional;09 Cataluña;General;Índice;2022T4;152,647
Nacional;09 Cataluña;General;Índice;2022T3;154,552
Nacional;09 Cataluña;General;Índice;2022T2;151,314
Nacional;09 Cataluña;General;Índice;2022T1;148,291
Nacional;09 Cataluña;General;Índice;2021T4;144,743
Nacional;09 Cataluña;General;Índice;2021T3;142,940
Nacional;09 Cataluña;General;Índice;2021T2;141,133
Nacional;09 Cataluña;General;Índice;2021T1;137,675
Nacional;09 Cataluña;General;Índice;2020T4;136,461
Nacional;09 Cataluña;General;Índice;2020T3;138,395
Nacional;09 Cataluña;General;Índice;2020T2;136,693
Nacional;09 Cataluña;General;Índice;2020T1;136,020
Nacional;09 Cataluña;General;Índice;2019T4;135,113
Nacional;09 Cataluña;General;Índice;2019T3;136,037
Nacional;09 Cataluña;General;Índice;2019T2;133,590
Nacional;09 Cataluña;General;Índice;2019T1;131,836
Nacional;09 Cataluña;General;Índice;2018T4;130,708
Nacional;09 Cataluña;General;Índice;2018T3;129,967
Nacional;09 Cataluña;General;Índice;2018T2;127,004
Nacional;09 Cataluña;General;Índice;2018T1;122,514
Nacional;09 Cataluña;General;Índice;2017T4;120,858
Nacional;09 Cataluña;General;Índice;2017T3;119,167
Nacional;09 Cataluña;General;Índice;2017T2;116,165
Nacional;09 Cataluña;General;Índice;2017T1;112,848
Nacional;09 Cataluña;General;Índice;2016T4;109,666
Nacional;09 Cataluña;General;Índice;2016T3;108,383
Nacional;09 Cataluña;General;Índice;2016T2;106,291
Nacional;09 Cataluña;General;Índice;2016T1;103,741
Nacional;09 Cataluña;General;Índice;2015T4;102,068
Nacional;09 Cataluña;General;Índice;2015T3;101,643
Nacional;09 Cataluña;General;Índice;2015T2;100,740
Nacional;09 Cataluña;General;Índice;2015T1;95,549
Nacional;09 Cataluña;General;Índice;2014T4;96,421
Nacional;09 Cataluña;General;Índice;2014T3;95,813
Nacional;09 Cataluña;General;Índice;2014T2;95,514
Nacional;09 Cataluña;General;Índice;2014T1;93,836
Nacional;09 Cataluña;General;Índice;2013T4;94,327
Nacional;09 Cataluña;General;Índice;2013T3;94,755
Nacional;09 Cataluña;General;Índice;2013T2;94,031
Nacional;09 Cataluña;General;Índice;2013T1;94,236
Nacional;09 Cataluña;General;Índice;2012T4;101,632
Nacional;09 Cataluña;General;Índice;2012T3;103,095
Nacional;09 Cataluña;General;Índice;2012T2;108,557
Nacional;09 Cataluña;General;Índice;2012T1;112,769
Nacional;09 Cataluña;General;Índice;2011T4;118,615
Nacional;09 Cataluña;General;Índice;2011T3;124,828
Nacional;09 Cataluña;General;Índice;2011T2;130,068
Nacional;09 Cataluña;General;Índice;2011T1;132,578
Nacional;09 Cataluña;General;Índice;2010T4;138,422
Nacional;09 Cataluña;General;Índice;2010T3;139,219
Nacional;09 Cataluña;General;Índice;2010T2;141,694
Nacional;09 Cataluña;General;Índice;2010T1;140,235
Nacional;09 Cataluña;General;Índice;2009T4;142,339
Nacional;09 Cataluña;General;Índice;2009T3;142,467
Nacional;09 Cataluña;General;Índice;2009T2;144,561
Nacional;09 Cataluña;General;Índice;2009T1;145,496
Nacional;09 Cataluña;General;Índice;2008T4;153,096
Nacional;09 Cataluña;General;Índice;2008T3;160,411
Nacional;09 Cataluña;General;Índice;2008T2;166,667
Nacional;09 Cataluña;General;Índice;2008T1;168,620
Nacional;09 Cataluña;General;Índice;2007T4;170,591
Nacional;09 Cataluña;General;Índice;2007T3;174,880
Nacional;09 Cataluña;General;Índice;2007T2;175,835
Nacional;09 Cataluña;General;Índice;2007T1;170,691
Nacional;10 Comunitat Valenciana;General;Índice;2025T3;170,956
Nacional;10 Comunitat Valenciana;General;Índice;2025T2;165,435
Nacional;10 Comunitat Valenciana;General;Índice;2025T1;158,202
Nacional;10 Comunitat Valenciana;General;Índice;2024T4;154,122
Nacional;10 Comunitat Valenciana;General;Índice;2024T3;151,002
Nacional;10 Comunitat Valenciana;General;Índice;2024T2;146,950
Nacional;10 Comunitat Valenciana;General;Índice;2024T1;140,857
Nacional;10 Comunitat Valenciana;General;Índice;2023T4;137,366
Nacional;10 Comunitat Valenciana;General;Índice;2023T3;138,773
Nacional;10 Comunitat Valenciana;General;Índice;2023T2;135,280
Nacional;10 Comunitat Valenciana;General;Índice;2023T1;132,264
Nacional;10 Comunitat Valenciana;General;Índice;2022T4;131,774
Nacional;10 Comunitat Valenciana;General;Índice;2022T3;132,058
Nacional;10 Comunitat Valenciana;General;Índice;2022T2;130,746
Nacional;10 Comunitat Valenciana;General;Índice;2022T1;127,966
Nacional;10 Comunitat Valenciana;General;Índice;2021T4;125,433
Nacional;10 Comunitat Valenciana;General;Índice;2021T3;123,520
Nacional;10 Comunitat Valenciana;General;Índice;2021T2;121,046
Nacional;10 Comunitat Valenciana;General;Índice;2021T1;117,465
Nacional;10 Comunitat Valenciana;General;Índice;2020T4;117,481
Nacional;10 Comunitat Valenciana;General;Índice;2020T3;117,677
Nacional;10 Comunitat Valenciana;General;Índice;2020T2;116,038
Nacional;10 Comunitat Valenciana;General;Índice;2020T1;116,059
Nacional;10 Comunitat Valenciana;General;Índice;2019T4;115,562
Nacional;10 Comunitat Valenciana;General;Índice;2019T3;115,325
Nacional;10 Comunitat Valenciana;General;Índice;2019T2;114,209
Nacional;10 Comunitat Valenciana;General;Índice;2019T1;112,128
Nacional;10 Comunitat Valenciana;General;Índice;2018T4;111,364
Nacional;10 Comunitat Valenciana;General;Índice;2018T3;110,662
Nacional;10 Comunitat Valenciana;General;Índice;2018T2;109,036
Nacional;10 Comunitat Valenciana;General;Índice;2018T1;107,643
Nacional;10 Comunitat Valenciana;General;Índice;2017T4;106,925
Nacional;10 Comunitat Valenciana;General;Índice;2017T3;105,721
Nacional;10 Comunitat Valenciana;General;Índice;2017T2;104,811
Nacional;10 Comunitat Valenciana;General;Índice;2017T1;104,081
Nacional;10 Comunitat Valenciana;General;Índice;2016T4;102,668
Nacional;10 Comunitat Valenciana;General;Índice;2016T3;102,700
Nacional;10 Comunitat Valenciana;General;Índice;2016T2;102,913
Nacional;10 Comunitat Valenciana;General;Índice;2016T1;102,167
Nacional;10 Comunitat Valenciana;General;Índice;2015T4;100,918
Nacional;10 Comunitat Valenciana;General;Índice;2015T3;100,800
Nacional;10 Comunitat Valenciana;General;Índice;2015T2;101,074
Nacional;10 Comunitat Valenciana;General;Índice;2015T1;97,208
Nacional;10 Comunitat Valenciana;General;Índice;2014T4;98,015
Nacional;10 Comunitat Valenciana;General;Índice;2014T3;98,762
Nacional;10 Comunitat Valenciana;General;Índice;2014T2;98,408
Nacional;10 Comunitat Valenciana;General;Índice;2014T1;95,453
Nacional;10 Comunitat Valenciana;General;Índice;2013T4;95,391
Nacional;10 Comunitat Valenciana;General;Índice;2013T3;97,859
Nacional;10 Comunitat Valenciana;General;Índice;2013T2;96,157
Nacional;10 Comunitat Valenciana;General;Índice;2013T1;97,954
Nacional;10 Comunitat Valenciana;General;Índice;2012T4;101,888
Nacional;10 Comunitat Valenciana;General;Índice;2012T3;104,218
Nacional;10 Comunitat Valenciana;General;Índice;2012T2;107,770
Nacional;10 Comunitat Valenciana;General;Índice;2012T1;111,900
Nacional;10 Comunitat Valenciana;General;Índice;2011T4;118,460
Nacional;10 Comunitat Valenciana;General;Índice;2011T3;121,236
Nacional;10 Comunitat Valenciana;General;Índice;2011T2;125,625
Nacional;10 Comunitat Valenciana;General;Índice;2011T1;127,294
Nacional;10 Comunitat Valenciana;General;Índice;2010T4;131,259
Nacional;10 Comunitat Valenciana;General;Índice;2010T3;132,307
Nacional;10 Comunitat Valenciana;General;Índice;2010T2;135,343
Nacional;10 Comunitat Valenciana;General;Índice;2010T1;133,170
Nacional;10 Comunitat Valenciana;General;Índice;2009T4;135,781
Nacional;10 Comunitat Valenciana;General;Índice;2009T3;136,444
Nacional;10 Comunitat Valenciana;General;Índice;2009T2;138,074
Nacional;10 Comunitat Valenciana;General;Índice;2009T1;138,894
Nacional;10 Comunitat Valenciana;General;Índice;2008T4;142,711
Nacional;10 Comunitat Valenciana;General;Índice;2008T3;145,333
Nacional;10 Comunitat Valenciana;General;Índice;2008T2;146,262
Nacional;10 Comunitat Valenciana;General;Índice;2008T1;146,519
Nacional;10 Comunitat Valenciana;General;Índice;2007T4;145,844
Nacional;10 Comunitat Valenciana;General;Índice;2007T3;144,180
Nacional;10 Comunitat Valenciana;General;Índice;2007T2;141,929
Nacional;10 Comunitat Valenciana;General;Índice;2007T1;137,102
Nacional;11 Extremadura;General;Índice;2025T3;143,251
Nacional;11 Extremadura;General;Índice;2025T2;139,216
Nacional;11 Extremadura;General;Índice;2025T1;133,037
Nacional;11 Extremadura;General;Índice;2024T4;128,070
Nacional;11 Extremadura;General;Índice;2024T3;127,293
Nacional;11 Extremadura;General;Índice;2024T2;124,125
Nacional;11 Extremadura;General;Índice;2024T1;119,938
Nacional;11 Extremadura;General;Índice;2023T4;117,381
Nacional;11 Extremadura;General;Índice;2023T3;117,644
Nacional;11 Extremadura;General;Índice;2023T2;116,912
Nacional;11 Extremadura;General;Índice;2023T1;113,518
Nacional;11 Extremadura;General;Índice;2022T4;114,850
Nacional;11 Extremadura;General;Índice;2022T3;116,414
Nacional;11 Extremadura;General;Índice;2022T2;114,871
Nacional;11 Extremadura;General;Índice;2022T1;112,312
Nacional;11 Extremadura;General;Índice;2021T4;111,719
Nacional;11 Extremadura;General;Índice;2021T3;109,277
Nacional;11 Extremadura;General;Índice;2021T2;109,052
Nacional;11 Extremadura;General;Índice;2021T1;105,038
Nacional;11 Extremadura;General;Índice;2020T4;106,508
Nacional;11 Extremadura;General;Índice;2020T3;106,236
Nacional;11 Extremadura;General;Índice;2020T2;107,257
Nacional;11 Extremadura;General;Índice;2020T1;105,234
Nacional;11 Extremadura;General;Índice;2019T4;106,046
Nacional;11 Extremadura;General;Índice;2019T3;106,237
Nacional;11 Extremadura;General;Índice;2019T2;105,896
Nacional;11 Extremadura;General;Índice;2019T1;104,880
Nacional;11 Extremadura;General;Índice;2018T4;103,768
Nacional;11 Extremadura;General;Índice;2018T3;104,670
Nacional;11 Extremadura;General;Índice;2018T2;104,122
Nacional;11 Extremadura;General;Índice;2018T1;102,388
Nacional;11 Extremadura;General;Índice;2017T4;101,075
Nacional;11 Extremadura;General;Índice;2017T3;102,398
Nacional;11 Extremadura;General;Índice;2017T2;101,886
Nacional;11 Extremadura;General;Índice;2017T1;102,040
Nacional;11 Extremadura;General;Índice;2016T4;100,885
Nacional;11 Extremadura;General;Índice;2016T3;102,371
Nacional;11 Extremadura;General;Índice;2016T2;101,524
Nacional;11 Extremadura;General;Índice;2016T1;100,939
Nacional;11 Extremadura;General;Índice;2015T4;100,094
Nacional;11 Extremadura;General;Índice;2015T3;100,398
Nacional;11 Extremadura;General;Índice;2015T2;100,233
Nacional;11 Extremadura;General;Índice;2015T1;99,275
Nacional;11 Extremadura;General;Índice;2014T4;97,574
Nacional;11 Extremadura;General;Índice;2014T3;97,160
Nacional;11 Extremadura;General;Índice;2014T2;99,326
Nacional;11 Extremadura;General;Índice;2014T1;98,443
Nacional;11 Extremadura;General;Índice;2013T4;98,279
Nacional;11 Extremadura;General;Índice;2013T3;101,848
Nacional;11 Extremadura;General;Índice;2013T2;102,923
Nacional;11 Extremadura;General;Índice;2013T1;106,375
Nacional;11 Extremadura;General;Índice;2012T4;116,527
Nacional;11 Extremadura;General;Índice;2012T3;118,487
Nacional;11 Extremadura;General;Índice;2012T2;122,018
Nacional;11 Extremadura;General;Índice;2012T1;123,230
Nacional;11 Extremadura;General;Índice;2011T4;127,530
Nacional;11 Extremadura;General;Índice;2011T3;131,290
Nacional;11 Extremadura;General;Índice;2011T2;131,731
Nacional;11 Extremadura;General;Índice;2011T1;132,502
Nacional;11 Extremadura;General;Índice;2010T4;138,621
Nacional;11 Extremadura;General;Índice;2010T3;137,766
Nacional;11 Extremadura;General;Índice;2010T2;142,948
Nacional;11 Extremadura;General;Índice;2010T1;137,657
Nacional;11 Extremadura;General;Índice;2009T4;136,367
Nacional;11 Extremadura;General;Índice;2009T3;138,991
Nacional;11 Extremadura;General;Índice;2009T2;138,829
Nacional;11 Extremadura;General;Índice;2009T1;134,852
Nacional;11 Extremadura;General;Índice;2008T4;133,827
Nacional;11 Extremadura;General;Índice;2008T3;139,199
Nacional;11 Extremadura;General;Índice;2008T2;140,231
Nacional;11 Extremadura;General;Índice;2008T1;137,882
Nacional;11 Extremadura;General;Índice;2007T4;136,545
Nacional;11 Extremadura;General;Índice;2007T3;135,214
Nacional;11 Extremadura;General;Índice;2007T2;133,609
Nacional;11 Extremadura;General;Índice;2007T1;128,926
Nacional;12 Galicia;General;Índice;2025T3;164,069
Nacional;12 Galicia;General;Índice;2025T2;158,913
Nacional;12 Galicia;General;Índice;2025T1;151,721
Nacional;12 Galicia;General;Índice;2024T4;146,552
Nacional;12 Galicia;General;Índice;2024T3;144,703
Nacional;12 Galicia;General;Índice;2024T2;140,946
Nacional;12 Galicia;General;Índice;2024T1;136,417
Nacional;12 Galicia;General;Índice;2023T4;132,570
Nacional;12 Galicia;General;Índice;2023T3;134,796
Nacional;12 Galicia;General;Índice;2023T2;132,073
Nacional;12 Galicia;General;Índice;2023T1;129,786
Nacional;12 Galicia;General;Índice;2022T4;128,172
Nacional;12 Galicia;General;Índice;2022T3;128,919
Nacional;12 Galicia;General;Índice;2022T2;128,080
Nacional;12 Galicia;General;Índice;2022T1;125,568
Nacional;12 Galicia;General;Índice;2021T4;122,678
Nacional;12 Galicia;General;Índice;2021T3;121,530
Nacional;12 Galicia;General;Índice;2021T2;118,952
Nacional;12 Galicia;General;Índice;2021T1;115,961
Nacional;12 Galicia;General;Índice;2020T4;114,833
Nacional;12 Galicia;General;Índice;2020T3;114,881
Nacional;12 Galicia;General;Índice;2020T2;114,935
Nacional;12 Galicia;General;Índice;2020T1;113,415
Nacional;12 Galicia;General;Índice;2019T4;113,514
Nacional;12 Galicia;General;Índice;2019T3;112,716
Nacional;12 Galicia;General;Índice;2019T2;111,946
Nacional;12 Galicia;General;Índice;2019T1;109,816
Nacional;12 Galicia;General;Índice;2018T4;109,235
Nacional;12 Galicia;General;Índice;2018T3;108,643
Nacional;12 Galicia;General;Índice;2018T2;106,771
Nacional;12 Galicia;General;Índice;2018T1;106,043
Nacional;12 Galicia;General;Índice;2017T4;104,973
Nacional;12 Galicia;General;Índice;2017T3;104,396
Nacional;12 Galicia;General;Índice;2017T2;102,744
Nacional;12 Galicia;General;Índice;2017T1;102,753
Nacional;12 Galicia;General;Índice;2016T4;102,027
Nacional;12 Galicia;General;Índice;2016T3;102,621
Nacional;12 Galicia;General;Índice;2016T2;101,768
Nacional;12 Galicia;General;Índice;2016T1;101,412
Nacional;12 Galicia;General;Índice;2015T4;99,954
Nacional;12 Galicia;General;Índice;2015T3;101,341
Nacional;12 Galicia;General;Índice;2015T2;100,529
Nacional;12 Galicia;General;Índice;2015T1;98,176
Nacional;12 Galicia;General;Índice;2014T4;98,318
Nacional;12 Galicia;General;Índice;2014T3;98,902
Nacional;12 Galicia;General;Índice;2014T2;99,732
Nacional;12 Galicia;General;Índice;2014T1;97,668
Nacional;12 Galicia;General;Índice;2013T4;97,337
Nacional;12 Galicia;General;Índice;2013T3;100,894
Nacional;12 Galicia;General;Índice;2013T2;99,665
Nacional;12 Galicia;General;Índice;2013T1;101,441
Nacional;12 Galicia;General;Índice;2012T4;109,198
Nacional;12 Galicia;General;Índice;2012T3;108,648
Nacional;12 Galicia;General;Índice;2012T2;114,500
Nacional;12 Galicia;General;Índice;2012T1;117,192
Nacional;12 Galicia;General;Índice;2011T4;124,974
Nacional;12 Galicia;General;Índice;2011T3;128,343
Nacional;12 Galicia;General;Índice;2011T2;131,202
Nacional;12 Galicia;General;Índice;2011T1;131,894
Nacional;12 Galicia;General;Índice;2010T4;135,699
Nacional;12 Galicia;General;Índice;2010T3;133,637
Nacional;12 Galicia;General;Índice;2010T2;138,785
Nacional;12 Galicia;General;Índice;2010T1;135,923
Nacional;12 Galicia;General;Índice;2009T4;137,605
Nacional;12 Galicia;General;Índice;2009T3;138,109
Nacional;12 Galicia;General;Índice;2009T2;139,875
Nacional;12 Galicia;General;Índice;2009T1;139,291
Nacional;12 Galicia;General;Índice;2008T4;139,658
Nacional;12 Galicia;General;Índice;2008T3;140,975
Nacional;12 Galicia;General;Índice;2008T2;141,072
Nacional;12 Galicia;General;Índice;2008T1;140,052
Nacional;12 Galicia;General;Índice;2007T4;140,231
Nacional;12 Galicia;General;Índice;2007T3;137,692
Nacional;12 Galicia;General;Índice;2007T2;134,662
Nacional;12 Galicia;General;Índice;2007T1;130,573
Nacional;13 Madrid, Comunidad de;General;Índice;2025T3;204,059
Nacional;13 Madrid, Comunidad de;General;Índice;2025T2;197,688
Nacional;13 Madrid, Comunidad de;General;Índice;2025T1;188,426
Nacional;13 Madrid, Comunidad de;General;Índice;2024T4;181,836
Nacional;13 Madrid, Comunidad de;General;Índice;2024T3;178,650
Nacional;13 Madrid, Comunidad de;General;Índice;2024T2;174,536
Nacional;13 Madrid, Comunidad de;General;Índice;2024T1;168,785
Nacional;13 Madrid, Comunidad de;General;Índice;2023T4;164,821
Nacional;13 Madrid, Comunidad de;General;Índice;2023T3;166,589
Nacional;13 Madrid, Comunidad de;General;Índice;2023T2;162,841
Nacional;13 Madrid, Comunidad de;General;Índice;2023T1;159,407
Nacional;13 Madrid, Comunidad de;General;Índice;2022T4;157,779
Nacional;13 Madrid, Comunidad de;General;Índice;2022T3;160,024
Nacional;13 Madrid, Comunidad de;General;Índice;2022T2;156,460
Nacional;13 Madrid, Comunidad de;General;Índice;2022T1;154,666
Nacional;13 Madrid, Comunidad de;General;Índice;2021T4;150,345
Nacional;13 Madrid, Comunidad de;General;Índice;2021T3;148,701
Nacional;13 Madrid, Comunidad de;General;Índice;2021T2;145,849
Nacional;13 Madrid, Comunidad de;General;Índice;2021T1;143,929
Nacional;13 Madrid, Comunidad de;General;Índice;2020T4;142,540
Nacional;13 Madrid, Comunidad de;General;Índice;2020T3;144,599
Nacional;13 Madrid, Comunidad de;General;Índice;2020T2;143,130
Nacional;13 Madrid, Comunidad de;General;Índice;2020T1;143,971
Nacional;13 Madrid, Comunidad de;General;Índice;2019T4;140,469
Nacional;13 Madrid, Comunidad de;General;Índice;2019T3;142,864
Nacional;13 Madrid, Comunidad de;General;Índice;2019T2;140,795
Nacional;13 Madrid, Comunidad de;General;Índice;2019T1;140,440
Nacional;13 Madrid, Comunidad de;General;Índice;2018T4;136,465
Nacional;13 Madrid, Comunidad de;General;Índice;2018T3;136,576
Nacional;13 Madrid, Comunidad de;General;Índice;2018T2;132,253
Nacional;13 Madrid, Comunidad de;General;Índice;2018T1;128,005
Nacional;13 Madrid, Comunidad de;General;Índice;2017T4;124,536
Nacional;13 Madrid, Comunidad de;General;Índice;2017T3;123,166
Nacional;13 Madrid, Comunidad de;General;Índice;2017T2;120,105
Nacional;13 Madrid, Comunidad de;General;Índice;2017T1;116,205
Nacional;13 Madrid, Comunidad de;General;Índice;2016T4;111,280
Nacional;13 Madrid, Comunidad de;General;Índice;2016T3;109,629
Nacional;13 Madrid, Comunidad de;General;Índice;2016T2;108,331
Nacional;13 Madrid, Comunidad de;General;Índice;2016T1;105,026
Nacional;13 Madrid, Comunidad de;General;Índice;2015T4;102,077
Nacional;13 Madrid, Comunidad de;General;Índice;2015T3;101,685
Nacional;13 Madrid, Comunidad de;General;Índice;2015T2;100,535
Nacional;13 Madrid, Comunidad de;General;Índice;2015T1;95,703
Nacional;13 Madrid, Comunidad de;General;Índice;2014T4;95,116
Nacional;13 Madrid, Comunidad de;General;Índice;2014T3;95,101
Nacional;13 Madrid, Comunidad de;General;Índice;2014T2;94,531
Nacional;13 Madrid, Comunidad de;General;Índice;2014T1;93,540
Nacional;13 Madrid, Comunidad de;General;Índice;2013T4;92,434
Nacional;13 Madrid, Comunidad de;General;Índice;2013T3;92,492
Nacional;13 Madrid, Comunidad de;General;Índice;2013T2;92,054
Nacional;13 Madrid, Comunidad de;General;Índice;2013T1;91,832
Nacional;13 Madrid, Comunidad de;General;Índice;2012T4;98,843
Nacional;13 Madrid, Comunidad de;General;Índice;2012T3;100,739
Nacional;13 Madrid, Comunidad de;General;Índice;2012T2;106,040
Nacional;13 Madrid, Comunidad de;General;Índice;2012T1;110,315
Nacional;13 Madrid, Comunidad de;General;Índice;2011T4;113,702
Nacional;13 Madrid, Comunidad de;General;Índice;2011T3;122,707
Nacional;13 Madrid, Comunidad de;General;Índice;2011T2;126,254
Nacional;13 Madrid, Comunidad de;General;Índice;2011T1;128,643
Nacional;13 Madrid, Comunidad de;General;Índice;2010T4;134,844
Nacional;13 Madrid, Comunidad de;General;Índice;2010T3;134,630
Nacional;13 Madrid, Comunidad de;General;Índice;2010T2;135,869
Nacional;13 Madrid, Comunidad de;General;Índice;2010T1;132,691
Nacional;13 Madrid, Comunidad de;General;Índice;2009T4;132,617
Nacional;13 Madrid, Comunidad de;General;Índice;2009T3;133,458
Nacional;13 Madrid, Comunidad de;General;Índice;2009T2;134,047
Nacional;13 Madrid, Comunidad de;General;Índice;2009T1;135,803
Nacional;13 Madrid, Comunidad de;General;Índice;2008T4;141,975
Nacional;13 Madrid, Comunidad de;General;Índice;2008T3;149,952
Nacional;13 Madrid, Comunidad de;General;Índice;2008T2;153,003
Nacional;13 Madrid, Comunidad de;General;Índice;2008T1;152,904
Nacional;13 Madrid, Comunidad de;General;Índice;2007T4;154,513
Nacional;13 Madrid, Comunidad de;General;Índice;2007T3;161,262
Nacional;13 Madrid, Comunidad de;General;Índice;2007T2;160,668
Nacional;13 Madrid, Comunidad de;General;Índice;2007T1;157,226
Nacional;14 Murcia, Región de;General;Índice;2025T3;167,963
Nacional;14 Murcia, Región de;General;Índice;2025T2;162,666
Nacional;14 Murcia, Región de;General;Índice;2025T1;154,993
Nacional;14 Murcia, Región de;General;Índice;2024T4;150,180
Nacional;14 Murcia, Región de;General;Índice;2024T3;146,067
Nacional;14 Murcia, Región de;General;Índice;2024T2;141,981
Nacional;14 Murcia, Región de;General;Índice;2024T1;136,839
Nacional;14 Murcia, Región de;General;Índice;2023T4;134,506
Nacional;14 Murcia, Región de;General;Índice;2023T3;133,986
Nacional;14 Murcia, Región de;General;Índice;2023T2;132,087
Nacional;14 Murcia, Región de;General;Índice;2023T1;129,441
Nacional;14 Murcia, Región de;General;Índice;2022T4;129,533
Nacional;14 Murcia, Región de;General;Índice;2022T3;131,001
Nacional;14 Murcia, Región de;General;Índice;2022T2;130,258
Nacional;14 Murcia, Región de;General;Índice;2022T1;127,267
Nacional;14 Murcia, Región de;General;Índice;2021T4;123,591
Nacional;14 Murcia, Región de;General;Índice;2021T3;122,360
Nacional;14 Murcia, Región de;General;Índice;2021T2;119,124
Nacional;14 Murcia, Región de;General;Índice;2021T1;116,235
Nacional;14 Murcia, Región de;General;Índice;2020T4;115,914
Nacional;14 Murcia, Región de;General;Índice;2020T3;115,122
Nacional;14 Murcia, Región de;General;Índice;2020T2;114,141
Nacional;14 Murcia, Región de;General;Índice;2020T1;112,336
Nacional;14 Murcia, Región de;General;Índice;2019T4;112,501
Nacional;14 Murcia, Región de;General;Índice;2019T3;111,729
Nacional;14 Murcia, Región de;General;Índice;2019T2;110,954
Nacional;14 Murcia, Región de;General;Índice;2019T1;108,708
Nacional;14 Murcia, Región de;General;Índice;2018T4;107,538
Nacional;14 Murcia, Región de;General;Índice;2018T3;107,790
Nacional;14 Murcia, Región de;General;Índice;2018T2;105,157
Nacional;14 Murcia, Región de;General;Índice;2018T1;104,075
Nacional;14 Murcia, Región de;General;Índice;2017T4;102,930
Nacional;14 Murcia, Región de;General;Índice;2017T3;103,736
Nacional;14 Murcia, Región de;General;Índice;2017T2;102,469
Nacional;14 Murcia, Región de;General;Índice;2017T1;101,313
Nacional;14 Murcia, Región de;General;Índice;2016T4;101,059
Nacional;14 Murcia, Región de;General;Índice;2016T3;101,927
Nacional;14 Murcia, Región de;General;Índice;2016T2;102,195
Nacional;14 Murcia, Región de;General;Índice;2016T1;100,406
Nacional;14 Murcia, Región de;General;Índice;2015T4;100,359
Nacional;14 Murcia, Región de;General;Índice;2015T3;101,213
Nacional;14 Murcia, Región de;General;Índice;2015T2;100,826
Nacional;14 Murcia, Región de;General;Índice;2015T1;97,602
Nacional;14 Murcia, Región de;General;Índice;2014T4;98,602
Nacional;14 Murcia, Región de;General;Índice;2014T3;99,465
Nacional;14 Murcia, Región de;General;Índice;2014T2;98,955
Nacional;14 Murcia, Región de;General;Índice;2014T1;96,438
Nacional;14 Murcia, Región de;General;Índice;2013T4;95,977
Nacional;14 Murcia, Región de;General;Índice;2013T3;98,027
Nacional;14 Murcia, Región de;General;Índice;2013T2;97,829
Nacional;14 Murcia, Región de;General;Índice;2013T1;100,888
Nacional;14 Murcia, Región de;General;Índice;2012T4;111,335
Nacional;14 Murcia, Región de;General;Índice;2012T3;115,391
Nacional;14 Murcia, Región de;General;Índice;2012T2;117,283
Nacional;14 Murcia, Región de;General;Índice;2012T1;119,693
Nacional;14 Murcia, Región de;General;Índice;2011T4;125,867
Nacional;14 Murcia, Región de;General;Índice;2011T3;130,042
Nacional;14 Murcia, Región de;General;Índice;2011T2;132,440
Nacional;14 Murcia, Región de;General;Índice;2011T1;133,638
Nacional;14 Murcia, Región de;General;Índice;2010T4;135,542
Nacional;14 Murcia, Región de;General;Índice;2010T3;137,569
Nacional;14 Murcia, Región de;General;Índice;2010T2;139,726
Nacional;14 Murcia, Región de;General;Índice;2010T1;136,937
Nacional;14 Murcia, Región de;General;Índice;2009T4;139,149
Nacional;14 Murcia, Región de;General;Índice;2009T3;139,236
Nacional;14 Murcia, Región de;General;Índice;2009T2;138,688
Nacional;14 Murcia, Región de;General;Índice;2009T1;138,454
Nacional;14 Murcia, Región de;General;Índice;2008T4;139,190
Nacional;14 Murcia, Región de;General;Índice;2008T3;140,779
Nacional;14 Murcia, Región de;General;Índice;2008T2;140,492
Nacional;14 Murcia, Región de;General;Índice;2008T1;140,751
Nacional;14 Murcia, Región de;General;Índice;2007T4;140,362
Nacional;14 Murcia, Región de;General;Índice;2007T3;137,832
Nacional;14 Murcia, Región de;General;Índice;2007T2;134,346
Nacional;14 Murcia, Región de;General;Índice;2007T1;129,674
Nacional;15 Navarra, Comunidad Foral de;General;Índice;2025T3;166,609
Nacional;15 Navarra, Comunidad Foral de;General;Índice;2025T2;162,614
Nacional;15 Navarra, Comunidad Foral de;General;Índice;2025T1;156,050
Nacional;15 Navarra, Comunidad Foral de;General;Índice;2024T4;150,034
Nacional;15 Navarra, Comunidad Foral de;General;Índice;2024T3;150,225
Nacional;15 Navarra, Comunidad Foral de;General;Índice;2024T2;145,143
Nacional;15 Navarra, Comunidad Foral de;General;Índice;2024T1;140,034
Nacional;15 Navarra, Comunidad Foral de;General;Índice;2023T4;132,884
Nacional;15 Navarra, Comunidad Foral de;General;Índice;2023T3;135,687
Nacional;15 Navarra, Comunidad Foral de;General;Índice;2023T2;131,585
Nacional;15 Navarra, Comunidad Foral de;General;Índice;2023T1;130,110
Nacional;15 Navarra, Comunidad Foral de;General;Índice;2022T4;126,950
Nacional;15 Navarra, Comunidad Foral de;General;Índice;2022T3;126,074
Nacional;15 Navarra, Comunidad Foral de;General;Índice;2022T2;124,561
Nacional;15 Navarra, Comunidad Foral de;General;Índice;2022T1;123,026
Nacional;15 Navarra, Comunidad Foral de;General;Índice;2021T4;118,408
Nacional;15 Navarra, Comunidad Foral de;General;Índice;2021T3;118,054
Nacional;15 Navarra, Comunidad Foral de;General;Índice;2021T2;116,122
Nacional;15 Navarra, Comunidad Foral de;General;Índice;2021T1;114,172
Nacional;15 Navarra, Comunidad Foral de;General;Índice;2020T4;112,541
Nacional;15 Navarra, Comunidad Foral de;General;Índice;2020T3;114,308
Nacional;15 Navarra, Comunidad Foral de;General;Índice;2020T2;113,207
Nacional;15 Navarra, Comunidad Foral de;General;Índice;2020T1;113,909
Nacional;15 Navarra, Comunidad Foral de;General;Índice;2019T4;111,887
Nacional;15 Navarra, Comunidad Foral de;General;Índice;2019T3;112,359
Nacional;15 Navarra, Comunidad Foral de;General;Índice;2019T2;111,850
Nacional;15 Navarra, Comunidad Foral de;General;Índice;2019T1;110,358
Nacional;15 Navarra, Comunidad Foral de;General;Índice;2018T4;108,393
Nacional;15 Navarra, Comunidad Foral de;General;Índice;2018T3;109,013
Nacional;15 Navarra, Comunidad Foral de;General;Índice;2018T2;107,657
Nacional;15 Navarra, Comunidad Foral de;General;Índice;2018T1;105,165
Nacional;15 Navarra, Comunidad Foral de;General;Índice;2017T4;104,199
Nacional;15 Navarra, Comunidad Foral de;General;Índice;2017T3;104,517
Nacional;15 Navarra, Comunidad Foral de;General;Índice;2017T2;104,063
Nacional;15 Navarra, Comunidad Foral de;General;Índice;2017T1;102,962
Nacional;15 Navarra, Comunidad Foral de;General;Índice;2016T4;102,015
Nacional;15 Navarra, Comunidad Foral de;General;Índice;2016T3;102,319
Nacional;15 Navarra, Comunidad Foral de;General;Índice;2016T2;101,380
Nacional;15 Navarra, Comunidad Foral de;General;Índice;2016T1;100,992
Nacional;15 Navarra, Comunidad Foral de;General;Índice;2015T4;100,082
Nacional;15 Navarra, Comunidad Foral de;General;Índice;2015T3;100,146
Nacional;15 Navarra, Comunidad Foral de;General;Índice;2015T2;101,241
Nacional;15 Navarra, Comunidad Foral de;General;Índice;2015T1;98,531
Nacional;15 Navarra, Comunidad Foral de;General;Índice;2014T4;98,341
Nacional;15 Navarra, Comunidad Foral de;General;Índice;2014T3;98,773
Nacional;15 Navarra, Comunidad Foral de;General;Índice;2014T2;101,062
Nacional;15 Navarra, Comunidad Foral de;General;Índice;2014T1;99,403
Nacional;15 Navarra, Comunidad Foral de;General;Índice;2013T4;102,609
Nacional;15 Navarra, Comunidad Foral de;General;Índice;2013T3;106,145
Nacional;15 Navarra, Comunidad Foral de;General;Índice;2013T2;107,584
Nacional;15 Navarra, Comunidad Foral de;General;Índice;2013T1;108,802
Nacional;15 Navarra, Comunidad Foral de;General;Índice;2012T4;118,174
Nacional;15 Navarra, Comunidad Foral de;General;Índice;2012T3;119,193
Nacional;15 Navarra, Comunidad Foral de;General;Índice;2012T2;121,039
Nacional;15 Navarra, Comunidad Foral de;General;Índice;2012T1;121,204
Nacional;15 Navarra, Comunidad Foral de;General;Índice;2011T4;132,802
Nacional;15 Navarra, Comunidad Foral de;General;Índice;2011T3;139,950
Nacional;15 Navarra, Comunidad Foral de;General;Índice;2011T2;141,497
Nacional;15 Navarra, Comunidad Foral de;General;Índice;2011T1;143,602
Nacional;15 Navarra, Comunidad Foral de;General;Índice;2010T4;149,052
Nacional;15 Navarra, Comunidad Foral de;General;Índice;2010T3;148,684
Nacional;15 Navarra, Comunidad Foral de;General;Índice;2010T2;153,137
Nacional;15 Navarra, Comunidad Foral de;General;Índice;2010T1;153,357
Nacional;15 Navarra, Comunidad Foral de;General;Índice;2009T4;158,315
Nacional;15 Navarra, Comunidad Foral de;General;Índice;2009T3;158,985
Nacional;15 Navarra, Comunidad Foral de;General;Índice;2009T2;163,177
Nacional;15 Navarra, Comunidad Foral de;General;Índice;2009T1;164,339
Nacional;15 Navarra, Comunidad Foral de;General;Índice;2008T4;172,655
Nacional;15 Navarra, Comunidad Foral de;General;Índice;2008T3;176,912
Nacional;15 Navarra, Comunidad Foral de;General;Índice;2008T2;184,034
Nacional;15 Navarra, Comunidad Foral de;General;Índice;2008T1;182,831
Nacional;15 Navarra, Comunidad Foral de;General;Índice;2007T4;182,983
Nacional;15 Navarra, Comunidad Foral de;General;Índice;2007T3;186,732
Nacional;15 Navarra, Comunidad Foral de;General;Índice;2007T2;182,933
Nacional;15 Navarra, Comunidad Foral de;General;Índice;2007T1;181,143
Nacional;16 País Vasco;General;Índice;2025T3;168,610
Nacional;16 País Vasco;General;Índice;2025T2;164,980
Nacional;16 País Vasco;General;Índice;2025T1;159,472
Nacional;16 País Vasco;General;Índice;2024T4;151,915
Nacional;16 País Vasco;General;Índice;2024T3;151,029
Nacional;16 País Vasco;General;Índice;2024T2;146,777
Nacional;16 País Vasco;General;Índice;2024T1;141,867
Nacional;16 País Vasco;General;Índice;2023T4;137,252
Nacional;16 País Vasco;General;Índice;2023T3;139,330
Nacional;16 País Vasco;General;Índice;2023T2;135,331
Nacional;16 País Vasco;General;Índice;2023T1;133,352
Nacional;16 País Vasco;General;Índice;2022T4;132,132
Nacional;16 País Vasco;General;Índice;2022T3;134,215
Nacional;16 País Vasco;General;Índice;2022T2;131,348
Nacional;16 País Vasco;General;Índice;2022T1;129,365
Nacional;16 País Vasco;General;Índice;2021T4;125,938
Nacional;16 País Vasco;General;Índice;2021T3;124,501
Nacional;16 País Vasco;General;Índice;2021T2;123,336
Nacional;16 País Vasco;General;Índice;2021T1;121,755
Nacional;16 País Vasco;General;Índice;2020T4;120,831
Nacional;16 País Vasco;General;Índice;2020T3;122,837
Nacional;16 País Vasco;General;Índice;2020T2;120,265
Nacional;16 País Vasco;General;Índice;2020T1;121,515
Nacional;16 País Vasco;General;Índice;2019T4;118,272
Nacional;16 País Vasco;General;Índice;2019T3;120,599
Nacional;16 País Vasco;General;Índice;2019T2;118,350
Nacional;16 País Vasco;General;Índice;2019T1;117,529
Nacional;16 País Vasco;General;Índice;2018T4;114,884
Nacional;16 País Vasco;General;Índice;2018T3;115,044
Nacional;16 País Vasco;General;Índice;2018T2;113,955
Nacional;16 País Vasco;General;Índice;2018T1;111,109
Nacional;16 País Vasco;General;Índice;2017T4;109,377
Nacional;16 País Vasco;General;Índice;2017T3;109,752
Nacional;16 País Vasco;General;Índice;2017T2;107,724
Nacional;16 País Vasco;General;Índice;2017T1;104,709
Nacional;16 País Vasco;General;Índice;2016T4;102,124
Nacional;16 País Vasco;General;Índice;2016T3;103,749
Nacional;16 País Vasco;General;Índice;2016T2;103,041
Nacional;16 País Vasco;General;Índice;2016T1;101,381
Nacional;16 País Vasco;General;Índice;2015T4;100,953
Nacional;16 País Vasco;General;Índice;2015T3;100,217
Nacional;16 País Vasco;General;Índice;2015T2;100,257
Nacional;16 País Vasco;General;Índice;2015T1;98,573
Nacional;16 País Vasco;General;Índice;2014T4;99,309
Nacional;16 País Vasco;General;Índice;2014T3;99,210
Nacional;16 País Vasco;General;Índice;2014T2;98,393
Nacional;16 País Vasco;General;Índice;2014T1;99,246
Nacional;16 País Vasco;General;Índice;2013T4;99,328
Nacional;16 País Vasco;General;Índice;2013T3;101,141
Nacional;16 País Vasco;General;Índice;2013T2;99,781
Nacional;16 País Vasco;General;Índice;2013T1;97,891
Nacional;16 País Vasco;General;Índice;2012T4;104,930
Nacional;16 País Vasco;General;Índice;2012T3;106,445
Nacional;16 País Vasco;General;Índice;2012T2;110,632
Nacional;16 País Vasco;General;Índice;2012T1;112,449
Nacional;16 País Vasco;General;Índice;2011T4;120,963
Nacional;16 País Vasco;General;Índice;2011T3;125,702
Nacional;16 País Vasco;General;Índice;2011T2;131,074
Nacional;16 País Vasco;General;Índice;2011T1;134,124
Nacional;16 País Vasco;General;Índice;2010T4;137,740
Nacional;16 País Vasco;General;Índice;2010T3;137,652
Nacional;16 País Vasco;General;Índice;2010T2;140,536
Nacional;16 País Vasco;General;Índice;2010T1;138,551
Nacional;16 País Vasco;General;Índice;2009T4;139,658
Nacional;16 País Vasco;General;Índice;2009T3;138,505
Nacional;16 País Vasco;General;Índice;2009T2;141,278
Nacional;16 País Vasco;General;Índice;2009T1;144,220
Nacional;16 País Vasco;General;Índice;2008T4;150,260
Nacional;16 País Vasco;General;Índice;2008T3;154,645
Nacional;16 País Vasco;General;Índice;2008T2;161,651
Nacional;16 País Vasco;General;Índice;2008T1;161,690
Nacional;16 País Vasco;General;Índice;2007T4;163,393
Nacional;16 País Vasco;General;Índice;2007T3;165,108
Nacional;16 País Vasco;General;Índice;2007T2;163,676
Nacional;16 País Vasco;General;Índice;2007T1;159,283
Nacional;17 Rioja, La;General;Índice;2025T3;168,635
Nacional;17 Rioja, La;General;Índice;2025T2;164,705
Nacional;17 Rioja, La;General;Índice;2025T1;158,501
Nacional;17 Rioja, La;General;Índice;2024T4;151,397
Nacional;17 Rioja, La;General;Índice;2024T3;147,767
Nacional;17 Rioja, La;General;Índice;2024T2;144,803
Nacional;17 Rioja, La;General;Índice;2024T1;139,961
Nacional;17 Rioja, La;General;Índice;2023T4;135,324
Nacional;17 Rioja, La;General;Índice;2023T3;135,332
Nacional;17 Rioja, La;General;Índice;2023T2;133,325
Nacional;17 Rioja, La;General;Índice;2023T1;130,660
Nacional;17 Rioja, La;General;Índice;2022T4;130,212
Nacional;17 Rioja, La;General;Índice;2022T3;132,781
Nacional;17 Rioja, La;General;Índice;2022T2;129,915
Nacional;17 Rioja, La;General;Índice;2022T1;127,118
Nacional;17 Rioja, La;General;Índice;2021T4;123,528
Nacional;17 Rioja, La;General;Índice;2021T3;122,887
Nacional;17 Rioja, La;General;Índice;2021T2;120,454
Nacional;17 Rioja, La;General;Índice;2021T1;118,456
Nacional;17 Rioja, La;General;Índice;2020T4;117,347
Nacional;17 Rioja, La;General;Índice;2020T3;116,897
Nacional;17 Rioja, La;General;Índice;2020T2;117,732
Nacional;17 Rioja, La;General;Índice;2020T1;116,744
Nacional;17 Rioja, La;General;Índice;2019T4;116,161
Nacional;17 Rioja, La;General;Índice;2019T3;115,520
Nacional;17 Rioja, La;General;Índice;2019T2;115,227
Nacional;17 Rioja, La;General;Índice;2019T1;113,141
Nacional;17 Rioja, La;General;Índice;2018T4;110,987
Nacional;17 Rioja, La;General;Índice;2018T3;110,650
Nacional;17 Rioja, La;General;Índice;2018T2;108,493
Nacional;17 Rioja, La;General;Índice;2018T1;106,496
Nacional;17 Rioja, La;General;Índice;2017T4;105,228
Nacional;17 Rioja, La;General;Índice;2017T3;103,733
Nacional;17 Rioja, La;General;Índice;2017T2;104,009
Nacional;17 Rioja, La;General;Índice;2017T1;103,177
Nacional;17 Rioja, La;General;Índice;2016T4;101,551
Nacional;17 Rioja, La;General;Índice;2016T3;102,692
Nacional;17 Rioja, La;General;Índice;2016T2;102,559
Nacional;17 Rioja, La;General;Índice;2016T1;101,038
Nacional;17 Rioja, La;General;Índice;2015T4;101,198
Nacional;17 Rioja, La;General;Índice;2015T3;100,458
Nacional;17 Rioja, La;General;Índice;2015T2;101,015
Nacional;17 Rioja, La;General;Índice;2015T1;97,329
Nacional;17 Rioja, La;General;Índice;2014T4;99,656
Nacional;17 Rioja, La;General;Índice;2014T3;99,606
Nacional;17 Rioja, La;General;Índice;2014T2;99,822
Nacional;17 Rioja, La;General;Índice;2014T1;98,849
Nacional;17 Rioja, La;General;Índice;2013T4;99,440
Nacional;17 Rioja, La;General;Índice;2013T3;103,187
Nacional;17 Rioja, La;General;Índice;2013T2;101,570
Nacional;17 Rioja, La;General;Índice;2013T1;102,695
Nacional;17 Rioja, La;General;Índice;2012T4;112,546
Nacional;17 Rioja, La;General;Índice;2012T3;114,027
Nacional;17 Rioja, La;General;Índice;2012T2;119,511
Nacional;17 Rioja, La;General;Índice;2012T1;125,248
Nacional;17 Rioja, La;General;Índice;2011T4;130,565
Nacional;17 Rioja, La;General;Índice;2011T3;136,609
Nacional;17 Rioja, La;General;Índice;2011T2;140,953
Nacional;17 Rioja, La;General;Índice;2011T1;143,510
Nacional;17 Rioja, La;General;Índice;2010T4;152,249
Nacional;17 Rioja, La;General;Índice;2010T3;153,957
Nacional;17 Rioja, La;General;Índice;2010T2;158,218
Nacional;17 Rioja, La;General;Índice;2010T1;155,668
Nacional;17 Rioja, La;General;Índice;2009T4;162,346
Nacional;17 Rioja, La;General;Índice;2009T3;160,814
Nacional;17 Rioja, La;General;Índice;2009T2;160,950
Nacional;17 Rioja, La;General;Índice;2009T1;160,388
Nacional;17 Rioja, La;General;Índice;2008T4;167,477
Nacional;17 Rioja, La;General;Índice;2008T3;167,779
Nacional;17 Rioja, La;General;Índice;2008T2;172,047
Nacional;17 Rioja, La;General;Índice;2008T1;174,361
Nacional;17 Rioja, La;General;Índice;2007T4;174,119
Nacional;17 Rioja, La;General;Índice;2007T3;170,951
Nacional;17 Rioja, La;General;Índice;2007T2;168,671
Nacional;17 Rioja, La;General;Índice;2007T1;163,779
Nacional;18 Ceuta;General;Índice;2025T3;204,600
Nacional;18 Ceuta;General;Índice;2025T2;199,398
Nacional;18 Ceuta;General;Índice;2025T1;192,344
Nacional;18 Ceuta;General;Índice;2024T4;184,569
Nacional;18 Ceuta;General;Índice;2024T3;178,624
Nacional;18 Ceuta;General;Índice;2024T2;176,973
Nacional;18 Ceuta;General;Índice;2024T1;170,101
Nacional;18 Ceuta;General;Índice;2023T4;165,638
Nacional;18 Ceuta;General;Índice;2023T3;164,611
Nacional;18 Ceuta;General;Índice;2023T2;161,660
Nacional;18 Ceuta;General;Índice;2023T1;159,058
Nacional;18 Ceuta;General;Índice;2022T4;158,378
Nacional;18 Ceuta;General;Índice;2022T3;155,619
Nacional;18 Ceuta;General;Índice;2022T2;152,246
Nacional;18 Ceuta;General;Índice;2022T1;150,704
Nacional;18 Ceuta;General;Índice;2021T4;146,641
Nacional;18 Ceuta;General;Índice;2021T3;144,209
Nacional;18 Ceuta;General;Índice;2021T2;139,038
Nacional;18 Ceuta;General;Índice;2021T1;138,250
Nacional;18 Ceuta;General;Índice;2020T4;138,288
Nacional;18 Ceuta;General;Índice;2020T3;139,489
Nacional;18 Ceuta;General;Índice;2020T2;135,216
Nacional;18 Ceuta;General;Índice;2020T1;134,821
Nacional;18 Ceuta;General;Índice;2019T4;131,854
Nacional;18 Ceuta;General;Índice;2019T3;133,637
Nacional;18 Ceuta;General;Índice;2019T2;130,592
Nacional;18 Ceuta;General;Índice;2019T1;128,575
Nacional;18 Ceuta;General;Índice;2018T4;125,311
Nacional;18 Ceuta;General;Índice;2018T3;122,940
Nacional;18 Ceuta;General;Índice;2018T2;121,003
Nacional;18 Ceuta;General;Índice;2018T1;117,811
Nacional;18 Ceuta;General;Índice;2017T4;114,842
Nacional;18 Ceuta;General;Índice;2017T3;112,918
Nacional;18 Ceuta;General;Índice;2017T2;111,457
Nacional;18 Ceuta;General;Índice;2017T1;109,787
Nacional;18 Ceuta;General;Índice;2016T4;106,354
Nacional;18 Ceuta;General;Índice;2016T3;105,811
Nacional;18 Ceuta;General;Índice;2016T2;105,497
Nacional;18 Ceuta;General;Índice;2016T1;102,958
Nacional;18 Ceuta;General;Índice;2015T4;101,215
Nacional;18 Ceuta;General;Índice;2015T3;101,799
Nacional;18 Ceuta;General;Índice;2015T2;101,252
Nacional;18 Ceuta;General;Índice;2015T1;95,735
Nacional;18 Ceuta;General;Índice;2014T4;95,173
Nacional;18 Ceuta;General;Índice;2014T3;96,096
Nacional;18 Ceuta;General;Índice;2014T2;95,460
Nacional;18 Ceuta;General;Índice;2014T1;93,798
Nacional;18 Ceuta;General;Índice;2013T4;94,231
Nacional;18 Ceuta;General;Índice;2013T3;94,759
Nacional;18 Ceuta;General;Índice;2013T2;95,791
Nacional;18 Ceuta;General;Índice;2013T1;94,555
Nacional;18 Ceuta;General;Índice;2012T4;100,115
Nacional;18 Ceuta;General;Índice;2012T3;98,552
Nacional;18 Ceuta;General;Índice;2012T2;103,630
Nacional;18 Ceuta;General;Índice;2012T1;102,994
Nacional;18 Ceuta;General;Índice;2011T4;110,130
Nacional;18 Ceuta;General;Índice;2011T3;114,146
Nacional;18 Ceuta;General;Índice;2011T2;118,168
Nacional;18 Ceuta;General;Índice;2011T1;119,777
Nacional;18 Ceuta;General;Índice;2010T4;126,418
Nacional;18 Ceuta;General;Índice;2010T3;123,554
Nacional;18 Ceuta;General;Índice;2010T2;127,833
Nacional;18 Ceuta;General;Índice;2010T1;128,259
Nacional;18 Ceuta;General;Índice;2009T4;129,859
Nacional;18 Ceuta;General;Índice;2009T3;128,981
Nacional;18 Ceuta;General;Índice;2009T2;133,360
Nacional;18 Ceuta;General;Índice;2009T1;133,875
Nacional;18 Ceuta;General;Índice;2008T4;132,167
Nacional;18 Ceuta;General;Índice;2008T3;135,607
Nacional;18 Ceuta;General;Índice;2008T2;139,932
Nacional;18 Ceuta;General;Índice;2008T1;142,038
Nacional;18 Ceuta;General;Índice;2007T4;140,135
Nacional;18 Ceuta;General;Índice;2007T3;136,696
Nacional;18 Ceuta;General;Índice;2007T2;134,757
Nacional;18 Ceuta;General;Índice;2007T1;132,362
Nacional;19 Melilla;General;Índice;2025T3;200,061
Nacional;19 Melilla;General;Índice;2025T2;194,975
Nacional;19 Melilla;General;Índice;2025T1;187,389
Nacional;19 Melilla;General;Índice;2024T4;178,326
Nacional;19 Melilla;General;Índice;2024T3;174,797
Nacional;19 Melilla;General;Índice;2024T2;171,953
Nacional;19 Melilla;General;Índice;2024T1;164,358
Nacional;19 Melilla;General;Índice;2023T4;158,926
Nacional;19 Melilla;General;Índice;2023T3;161,958
Nacional;19 Melilla;General;Índice;2023T2;160,434
Nacional;19 Melilla;General;Índice;2023T1;156,969
Nacional;19 Melilla;General;Índice;2022T4;154,019
Nacional;19 Melilla;General;Índice;2022T3;152,976
Nacional;19 Melilla;General;Índice;2022T2;151,150
Nacional;19 Melilla;General;Índice;2022T1;147,760
Nacional;19 Melilla;General;Índice;2021T4;142,577
Nacional;19 Melilla;General;Índice;2021T3;142,563
Nacional;19 Melilla;General;Índice;2021T2;139,007
Nacional;19 Melilla;General;Índice;2021T1;134,954
Nacional;19 Melilla;General;Índice;2020T4;133,064
Nacional;19 Melilla;General;Índice;2020T3;133,661
Nacional;19 Melilla;General;Índice;2020T2;130,290
Nacional;19 Melilla;General;Índice;2020T1;128,760
Nacional;19 Melilla;General;Índice;2019T4;126,218
Nacional;19 Melilla;General;Índice;2019T3;127,460
Nacional;19 Melilla;General;Índice;2019T2;124,154
Nacional;19 Melilla;General;Índice;2019T1;125,310
Nacional;19 Melilla;General;Índice;2018T4;122,196
Nacional;19 Melilla;General;Índice;2018T3;120,965
Nacional;19 Melilla;General;Índice;2018T2;119,341
Nacional;19 Melilla;General;Índice;2018T1;115,546
Nacional;19 Melilla;General;Índice;2017T4;113,620
Nacional;19 Melilla;General;Índice;2017T3;110,681
Nacional;19 Melilla;General;Índice;2017T2;110,490
Nacional;19 Melilla;General;Índice;2017T1;108,707
Nacional;19 Melilla;General;Índice;2016T4;105,514
Nacional;19 Melilla;General;Índice;2016T3;105,729
Nacional;19 Melilla;General;Índice;2016T2;106,378
Nacional;19 Melilla;General;Índice;2016T1;103,741
Nacional;19 Melilla;General;Índice;2015T4;102,202
Nacional;19 Melilla;General;Índice;2015T3;101,778
Nacional;19 Melilla;General;Índice;2015T2;100,468
Nacional;19 Melilla;General;Índice;2015T1;95,551
Nacional;19 Melilla;General;Índice;2014T4;96,653
Nacional;19 Melilla;General;Índice;2014T3;97,439
Nacional;19 Melilla;General;Índice;2014T2;97,005
Nacional;19 Melilla;General;Índice;2014T1;95,304
Nacional;19 Melilla;General;Índice;2013T4;95,428
Nacional;19 Melilla;General;Índice;2013T3;96,051
Nacional;19 Melilla;General;Índice;2013T2;96,248
Nacional;19 Melilla;General;Índice;2013T1;96,948
Nacional;19 Melilla;General;Índice;2012T4;106,300
Nacional;19 Melilla;General;Índice;2012T3;109,499
Nacional;19 Melilla;General;Índice;2012T2;111,003
Nacional;19 Melilla;General;Índice;2012T1;113,399
Nacional;19 Melilla;General;Índice;2011T4;117,212
Nacional;19 Melilla;General;Índice;2011T3;124,349
Nacional;19 Melilla;General;Índice;2011T2;128,490
Nacional;19 Melilla;General;Índice;2011T1;129,296
Nacional;19 Melilla;General;Índice;2010T4;136,670
Nacional;19 Melilla;General;Índice;2010T3;137,833
Nacional;19 Melilla;General;Índice;2010T2;139,503
Nacional;19 Melilla;General;Índice;2010T1;136,709
Nacional;19 Melilla;General;Índice;2009T4;138,213
Nacional;19 Melilla;General;Índice;2009T3;138,571
Nacional;19 Melilla;General;Índice;2009T2;135,798
Nacional;19 Melilla;General;Índice;2009T1;135,458
Nacional;19 Melilla;General;Índice;2008T4;134,206
Nacional;19 Melilla;General;Índice;2008T3;133,498
Nacional;19 Melilla;General;Índice;2008T2;133,204
Nacional;19 Melilla;General;Índice;2008T1;135,752
Nacional;19 Melilla;General;Índice;2007T4;134,502
Nacional;19 Melilla;General;Índice;2007T3;132,239
Nacional;19 Melilla;General;Índice;2007T2;128,738
Nacional;19 Melilla;General;Índice;2007T1;124,877
