"","","","","","","","Servicio Público de Empleo Estatal",""
"Evolución del paro registrado según sectores. Últimos 10 años.","","","","","","","",""
"","","","","","","","",""
"","","","TOTAL","AGRICULTURA","INDUSTRIA","CONSTRUCCIÓN","SERVICIOS","SIN EMPLEO ANT."
"","","","","","","","",""
"2016","201601","ENERO","4,150,755","197,934","393,105","448,470","2,772,921","338,325"
"","201602","FEBRERO","4,152,986","211,963","389,111","441,746","2,763,168","346,998"
"","201603","MARZO","4,094,770","210,701","385,671","439,096","2,708,739","350,563"
"","201604","ABRIL","4,011,171","200,284","376,153","424,906","2,657,932","351,896"
"","201605","MAYO","3,891,403","188,224","366,676","409,757","2,579,526","347,220"
"","201606","JUNIO","3,767,054","188,634","353,062","395,212","2,494,766","335,380"
"","201607","JULIO","3,683,061","184,654","343,013","384,992","2,443,491","326,911"
"","201608","AGOSTO","3,697,496","178,636","348,897","388,540","2,461,922","319,501"
"","201609","SEPTIEMBRE","3,720,297","166,129","345,552","378,556","2,501,190","328,870"
"","201610","OCTUBRE","3,764,982","179,542","346,588","372,201","2,535,953","330,698"
"","201611","NOVIEMBRE","3,789,823","183,450","342,786","367,677","2,563,637","332,273"
"","201612","DICIEMBRE","3,702,974","169,375","345,571","376,042","2,497,739","314,247"
"","","","","","","","",""
"2017","201701","ENERO","3,760,231","173,477","344,468","368,209","2,564,668","309,409"
"","201702","FEBRERO","3,750,876","183,211","341,080","361,533","2,550,930","314,122"
"","201703","MARZO","3,702,317","184,592","335,421","352,703","2,510,997","318,604"
"","201704","ABRIL","3,573,036","173,262","327,157","343,759","2,414,325","314,533"
"","201705","MAYO","3,461,128","161,585","316,433","328,852","2,343,331","310,927"
"","201706","JUNIO","3,362,811","168,834","306,385","318,684","2,268,230","300,678"
"","201707","JULIO","3,335,924","169,542","301,128","314,541","2,250,574","300,139"
"","201708","AGOSTO","3,382,324","162,498","308,405","322,352","2,292,133","296,936"
"","201709","SEPTIEMBRE","3,410,182","157,660","304,783","312,685","2,321,734","313,320"
"","201710","OCTUBRE","3,467,026","166,854","306,811","307,495","2,372,719","313,147"
"","201711","NOVIEMBRE","3,474,281","163,925","303,834","303,768","2,395,767","306,987"
"","201712","DICIEMBRE","3,412,781","155,111","306,563","314,300","2,344,487","292,320"
"","","","","","","","",""
"2018","201801","ENERO","3,476,528","157,528","307,338","309,146","2,416,955","285,561"
"","201802","FEBRERO","3,470,248","168,374","303,328","305,346","2,401,822","291,378"
"","201803","MARZO","3,422,551","168,823","301,657","306,938","2,348,917","296,216"
"","201804","ABRIL","3,335,868","159,261","294,617","293,023","2,291,310","297,657"
"","201805","MAYO","3,252,130","151,229","286,390","281,769","2,237,768","294,974"
"","201806","JUNIO","3,162,162","153,802","277,267","272,362","2,171,070","287,661"
"","201807","JULIO","3,135,021","153,231","273,095","269,712","2,154,891","284,092"
"","201808","AGOSTO","3,182,068","148,669","281,205","278,958","2,194,649","278,587"
"","201809","SEPTIEMBRE","3,202,509","140,232","278,790","271,531","2,223,594","288,362"
"","201810","OCTUBRE","3,254,703","149,533","281,611","267,836","2,266,813","288,910"
"","201811","NOVIEMBRE","3,252,867","149,163","280,163","267,681","2,274,905","280,955"
"","201812","DICIEMBRE","3,202,297","138,771","284,130","277,679","2,231,031","270,686"
"","","","","","","","",""
"2019","201901","ENERO","3,285,761","143,691","285,332","270,783","2,316,615","269,340"
"","201902","FEBRERO","3,289,040","153,576","283,028","266,136","2,309,034","277,266"
"","201903","MARZO","3,255,084","155,298","279,028","261,581","2,276,633","282,544"
"","201904","ABRIL","3,163,566","149,902","275,556","261,610","2,195,559","280,939"
"","201905","MAYO","3,079,491","142,038","267,471","252,570","2,140,797","276,615"
"","201906","JUNIO","3,015,686","147,853","261,663","248,504","2,089,045","268,621"
"","201907","JULIO","3,011,433","149,499","258,135","250,201","2,090,576","263,022"
"","201908","AGOSTO","3,065,804","142,844","265,891","261,566","2,136,283","259,220"
"","201909","SEPTIEMBRE","3,079,711","133,243","263,431","253,967","2,160,702","268,368"
"","201910","OCTUBRE","3,177,659","149,315","269,282","254,002","2,232,620","272,440"
"","201911","NOVIEMBRE","3,198,184","147,600","268,675","255,740","2,256,554","269,615"
"","201912","DICIEMBRE","3,163,605","140,960","275,025","274,022","2,214,867","258,731"
"","","","","","","","",""
"2020","202001","ENERO","3,253,853","150,045","277,744","264,654","2,305,824","255,586"
"","202002","FEBRERO","3,246,047","152,900","275,485","259,835","2,296,339","261,488"
"","202003","MARZO","3,548,312","159,420","300,679","319,386","2,502,355","266,472"
"","202004","ABRIL","3,831,203","163,435","327,511","344,441","2,721,483","274,333"
"","202005","MAYO","3,857,776","164,145","327,249","320,724","2,762,267","283,391"
"","202006","JUNIO","3,862,883","189,487","319,479","304,797","2,734,948","314,172"
"","202007","JULIO","3,773,034","200,595","310,035","298,241","2,650,385","313,778"
"","202008","AGOSTO","3,802,814","187,342","313,016","306,224","2,670,601","325,631"
"","202009","SEPTIEMBRE","3,776,485","177,839","304,921","298,542","2,657,234","337,949"
"","202010","OCTUBRE","3,826,043","188,073","305,707","298,177","2,687,858","346,228"
"","202011","NOVIEMBRE","3,851,312","183,449","305,405","299,659","2,712,817","349,982"
"","202012","DICIEMBRE","3,888,137","182,138","315,290","318,155","2,720,951","351,603"
"","","","","","","","",""
"2021","202101","ENERO","3,964,353","185,410","316,413","317,284","2,799,040","346,206"
"","202102","FEBRERO","4,008,789","191,584","317,042","312,168","2,835,917","352,078"
"","202103","MARZO","3,949,640","193,952","313,367","304,483","2,782,231","355,607"
"","202104","ABRIL","3,910,628","191,330","308,240","300,536","2,750,039","360,483"
"","202105","MAYO","3,781,250","182,175","298,837","292,387","2,656,712","351,139"
"","202106","JUNIO","3,614,339","184,057","286,139","280,624","2,525,495","338,024"
"","202107","JULIO","3,416,498","175,177","272,981","270,470","2,391,837","306,033"
"","202108","AGOSTO","3,333,915","161,678","271,855","271,609","2,345,613","283,160"
"","202109","SEPTIEMBRE","3,257,802","148,611","265,187","259,300","2,306,301","278,403"
"","202110","OCTUBRE","3,257,068","156,188","264,340","254,777","2,301,618","280,145"
"","202111","NOVIEMBRE","3,182,687","150,116","256,651","250,441","2,253,090","272,389"
"","202112","DICIEMBRE","3,105,905","145,586","258,405","257,946","2,188,281","255,687"
"","","","","","","","",""
"2022","202201","ENERO","3,123,078","148,243","255,984","250,642","2,221,908","246,301"
"","202202","FEBRERO","3,111,684","154,786","253,359","243,443","2,210,670","249,426"
"","202203","MARZO","3,108,763","156,354","254,532","249,107","2,192,580","256,190"
"","202204","ABRIL","3,022,503","146,810","250,192","242,135","2,127,158","256,208"
"","202205","MAYO","2,922,991","138,117","242,224","232,127","2,062,928","247,595"
"","202206","JUNIO","2,880,582","146,980","235,076","227,146","2,021,911","249,469"
"","202207","JULIO","2,883,812","147,805","233,167","228,122","2,033,148","241,570"
"","202208","AGOSTO","2,924,240","141,112","238,141","233,217","2,070,694","241,076"
"","202209","SEPTIEMBRE","2,941,919","134,088","237,902","228,452","2,095,385","246,092"
"","202210","OCTUBRE","2,914,892","122,737","237,351","223,886","2,079,232","251,686"
"","202211","NOVIEMBRE","2,881,380","118,230","233,568","221,962","2,054,149","253,471"
"","202212","DICIEMBRE","2,837,653","113,308","233,843","227,117","2,017,069","246,316"
"","","","","","","","",""
"2023","202301","ENERO","2,908,397","114,765","234,251","224,006","2,087,828","247,547"
"","202302","FEBRERO","2,911,015","115,903","231,852","221,614","2,083,960","257,686"
"","202303","MARZO","2,862,260","113,255","228,433","217,716","2,041,171","261,685"
"","202304","ABRIL","2,788,370","108,959","223,042","213,702","1,988,955","253,712"
"","202305","MAYO","2,739,110","106,458","218,420","209,806","1,954,290","250,136"
"","202306","JUNIO","2,688,842","106,678","213,532","208,118","1,912,157","248,357"
"","202307","JULIO","2,677,874","104,817","212,568","209,304","1,905,031","246,154"
"","202308","AGOSTO","2,702,700","101,943","215,051","214,096","1,928,128","243,482"
"","202309","SEPTIEMBRE","2,722,468","99,843","214,867","210,378","1,946,948","250,432"
"","202310","OCTUBRE","2,759,404","101,965","217,285","209,565","1,978,229","252,360"
"","202311","NOVIEMBRE","2,734,831","99,790","214,631","208,493","1,960,894","251,023"
"","202312","DICIEMBRE","2,707,456","97,825","216,112","213,778","1,935,736","244,005"
"","","","","","","","",""
"2024","202401","ENERO","2,767,860","99,081","216,552","212,544","1,994,457","245,226"
"","202402","FEBRERO","2,760,408","98,766","214,687","210,111","1,985,909","250,935"
"","202403","MARZO","2,727,003","97,264","212,632","209,778","1,954,615","252,714"
"","202404","ABRIL","2,666,500","93,813","208,199","204,876","1,912,548","247,064"
"","202405","MAYO","2,607,850","91,564","204,484","201,009","1,868,081","242,712"
"","202406","JUNIO","2,561,067","91,297","200,096","198,055","1,831,056","240,563"
"","202407","JULIO","2,550,237","89,763","199,807","198,563","1,824,465","237,639"
"","202408","AGOSTO","2,572,121","87,426","202,802","202,750","1,844,654","234,489"
"","202409","SEPTIEMBRE","2,575,285","85,911","201,437","197,894","1,849,005","241,038"
"","202410","OCTUBRE","2,602,054","87,514","202,984","196,218","1,871,337","244,001"
"","202411","NOVIEMBRE","2,586,018","85,612","200,716","194,094","1,862,644","242,952"
"","202412","DICIEMBRE","2,560,718","83,593","201,591","198,490","1,841,236","235,808"
"","","","","","","","",""
"2025","202501","ENERO","2,599,443","84,692","201,350","193,963","1,885,831","233,607"
"","202502","FEBRERO","2,593,449","84,902","199,136","190,554","1,880,067","238,790"
"","202503","MARZO","2,580,138","84,809","197,638","189,645","1,865,606","242,440"
"","202504","ABRIL","2,512,718","81,486","194,718","185,828","1,815,946","234,740"
"","202505","MAYO","2,454,883","79,227","190,144","180,266","1,773,016","232,230"
"","202506","JUNIO","2,405,963","79,009","185,555","177,237","1,734,763","229,399"
"","202507","JULIO","2,404,606","78,395","185,971","177,375","1,736,781","226,084"
"","202508","AGOSTO","2,426,511","76,546","188,746","180,120","1,758,473","222,626"
"","202509","SEPTIEMBRE","2,421,665","75,380","187,324","175,450","1,755,406","228,105"
"","202510","OCTUBRE","2,443,766","76,650","188,472","173,329","1,773,902","231,413"
"","202511","NOVIEMBRE","2,424,961","75,318","186,920","172,448","1,760,889","229,386"
"","","","","","","","",""
